,mean_fit_time,std_fit_time,mean_score_time,std_score_time,param_bootstrap,param_max_depth,param_max_features,param_min_samples_leaf,param_min_samples_split,param_n_estimators,params,split0_test_score,split1_test_score,split2_test_score,split3_test_score,split4_test_score,mean_test_score,std_test_score,rank_test_score,split0_train_score,split1_train_score,split2_train_score,split3_train_score,split4_train_score,mean_train_score,std_train_score
0,1.7735085964202881,0.088364995657901,0.019764423370361328,0.0010239152733299598,True,10,6,4,4,100,"{'bootstrap': True, 'max_depth': 10, 'max_features': 6, 'min_samples_leaf': 4, 'min_samples_split': 4, 'n_estimators': 100}",-75.25435969469555,-90.52848812762963,-91.65557935704594,-87.36692321466111,-99.99608633943271,-88.96028734669298,8.023764380608286,1,-66.8366420074415,-64.92593904716374,-64.00626931880373,-65.10813617062426,-61.92548735775539,-64.56049478035773,1.6040409460633946
1,1.6513000965118407,0.0696407141930544,0.02039923667907715,0.00504970091395399,True,10,6,4,8,100,"{'bootstrap': True, 'max_depth': 10, 'max_features': 6, 'min_samples_leaf': 4, 'min_samples_split': 8, 'n_estimators': 100}",-75.77642519390814,-90.94538749311583,-91.28418292740672,-87.42311340918499,-99.60775650882543,-89.00737310648822,7.7314390957163885,3,-66.73743725443151,-64.87978104766988,-63.710048631185,-64.84692236472331,-62.08891017699292,-64.45261989500052,1.529501040652452
2,1.3770853996276855,0.011509303583779894,0.017979764938354494,0.0012056737787803857,True,10,6,4,16,100,"{'bootstrap': True, 'max_depth': 10, 'max_features': 6, 'min_samples_leaf': 4, 'min_samples_split': 16, 'n_estimators': 100}",-75.37717218654501,-91.05005285257059,-91.80791946092926,-87.6918674904669,-99.72610541400469,-89.13062348090328,7.928982300124809,11,-72.0303426593412,-69.4632928281941,-68.43971007577188,-69.62671130758685,-66.16976693669534,-69.14596476151787,1.8977881533261813
3,1.570368194580078,0.14183770762876838,0.021376705169677733,0.0035664416017147866,True,10,6,4,32,100,"{'bootstrap': True, 'max_depth': 10, 'max_features': 6, 'min_samples_leaf': 4, 'min_samples_split': 32, 'n_estimators': 100}",-75.85749416924722,-91.08723667853266,-92.7997065430681,-87.76282266194865,-100.03120039233688,-89.50769208902669,7.917689307523973,50,-77.62757849266293,-74.98840779893264,-73.98688910152187,-75.3763347284034,-71.50605089564303,-74.69705220343278,1.9910358179229342
4,1.6223434925079345,0.07097342078712024,0.026935720443725587,0.0031106502207377887,True,10,6,8,4,100,"{'bootstrap': True, 'max_depth': 10, 'max_features': 6, 'min_samples_leaf': 8, 'min_samples_split': 4, 'n_estimators': 100}",-75.71979884269463,-91.53611740394703,-92.5719891261447,-87.45359176384713,-100.02010190080337,-89.46031980748738,7.9790888363709715,43,-74.5091005422136,-72.07151781248997,-71.1182847586875,-72.69612678205503,-68.73282805466408,-71.82557159002204,1.901841253167566
5,1.6737930297851562,0.12325557452412465,0.07188396453857422,0.05021273288700366,True,10,6,8,8,100,"{'bootstrap': True, 'max_depth': 10, 'max_features': 6, 'min_samples_leaf': 8, 'min_samples_split': 8, 'n_estimators': 100}",-75.62610643013565,-91.60323816973496,-92.0603755351259,-87.4911390723951,-99.70244602305405,-89.29666104608913,7.891549276236269,31,-74.36548681788133,-72.18889034317517,-71.3494493488502,-72.38120000335974,-68.64885363845731,-71.78677603034474,1.8548636968732324
6,1.6644880294799804,0.08624923151920005,0.02019472122192383,0.003692185499540757,True,10,6,8,16,100,"{'bootstrap': True, 'max_depth': 10, 'max_features': 6, 'min_samples_leaf': 8, 'min_samples_split': 16, 'n_estimators': 100}",-75.34828119450273,-91.82556811139968,-91.85935480552915,-87.79308536352167,-99.55530359822983,-89.27631861463661,7.937486863069505,23,-74.79196739188544,-72.3818883020863,-71.06101976867312,-72.69108245153193,-68.80290421717247,-71.94577242626985,1.9751920270227028
7,1.5258957386016845,0.0494549440923659,0.017822647094726564,0.0021110745351134363,True,10,6,8,32,100,"{'bootstrap': True, 'max_depth': 10, 'max_features': 6, 'min_samples_leaf': 8, 'min_samples_split': 32, 'n_estimators': 100}",-76.34777350199319,-91.97076920389226,-93.60103818979715,-87.68850358728042,-99.87680639847063,-89.89697817628674,7.824013656306422,90,-79.63548779910397,-76.854843153538,-75.80474062548689,-77.2369252907917,-73.10123286880774,-76.52664594754566,2.1228146345580567
8,1.2490831375122071,0.038351590063875354,0.02601003646850586,0.005846637109060783,True,10,6,16,4,100,"{'bootstrap': True, 'max_depth': 10, 'max_features': 6, 'min_samples_leaf': 16, 'min_samples_split': 4, 'n_estimators': 100}",-76.95214585113898,-92.81465049365688,-94.02176540461751,-88.27606806629062,-99.81438209984972,-90.37580238311075,7.654165564179103,112,-82.35575459744248,-79.15162530753976,-78.05170963696506,-79.65381181881783,-75.71442083415077,-78.98546443898319,2.1635516033404825
9,1.4903591632843018,0.18424219323280389,0.041855812072753906,0.016352121518356633,True,10,6,16,8,100,"{'bootstrap': True, 'max_depth': 10, 'max_features': 6, 'min_samples_leaf': 16, 'min_samples_split': 8, 'n_estimators': 100}",-76.41879803408018,-92.81214711223583,-94.22930570341678,-88.59667072630408,-100.13273856337123,-90.43793202788162,7.923724458759709,123,-82.1617230968805,-79.36226449659308,-78.34030551419329,-79.9733720366228,-75.62018403779624,-79.09156983641716,2.139701343962864
10,1.646049690246582,0.026584635120685735,0.025277423858642577,0.004572119192526975,True,10,6,16,16,100,"{'bootstrap': True, 'max_depth': 10, 'max_features': 6, 'min_samples_leaf': 16, 'min_samples_split': 16, 'n_estimators': 100}",-76.83463589154715,-93.01259435625818,-94.21491774417005,-88.40676696675001,-99.4009388556076,-90.3739707628666,7.620824635973896,111,-82.22418259854075,-79.32810244425828,-78.22937984446823,-79.56412039826502,-75.65250029571419,-78.9996571162493,2.127009429826722
11,1.534757375717163,0.05423489806545846,0.018828916549682616,0.0037870045314127927,True,10,6,16,32,100,"{'bootstrap': True, 'max_depth': 10, 'max_features': 6, 'min_samples_leaf': 16, 'min_samples_split': 32, 'n_estimators': 100}",-76.46795505836069,-93.45718348763265,-93.24129240708648,-88.26438373430683,-99.86801274956122,-90.25976548738956,7.818273253640987,102,-82.17625573640659,-79.37566090559433,-78.03715079710062,-79.74722116233946,-75.6327968751037,-78.99381709530893,2.1472310269171766
12,1.3092122077941895,0.10839783950965474,0.02022709846496582,0.0038126148876177967,True,10,6,32,4,100,"{'bootstrap': True, 'max_depth': 10, 'max_features': 6, 'min_samples_leaf': 32, 'min_samples_split': 4, 'n_estimators': 100}",-79.8685411729572,-94.2724010761513,-96.44796822841228,-91.39341761179672,-100.96843585126149,-92.5901527881158,7.0877345256345485,181,-88.91854778660021,-85.78243784713972,-84.39369973912692,-85.78054944829546,-82.23470152896247,-85.42198727002497,2.1771813218784555
13,1.1411298274993897,0.0229107775252063,0.01984829902648926,0.0025236786290764703,True,10,6,32,8,100,"{'bootstrap': True, 'max_depth': 10, 'max_features': 6, 'min_samples_leaf': 32, 'min_samples_split': 8, 'n_estimators': 100}",-79.46051365409679,-94.22732606949424,-96.14656525965292,-91.36314813564637,-100.96856098260359,-92.43322282029878,7.201332640937708,154,-88.96677872515254,-86.02176513834199,-84.36542175330413,-85.83596994532397,-82.25871338656552,-85.48972978973764,2.1998340262452145
14,1.3581801891326903,0.1794122080369757,0.02316007614135742,0.0018324798114388704,True,10,6,32,16,100,"{'bootstrap': True, 'max_depth': 10, 'max_features': 6, 'min_samples_leaf': 32, 'min_samples_split': 16, 'n_estimators': 100}",-79.99036554343904,-94.080299528864,-96.49411041719837,-91.2287158955677,-100.73733856541834,-92.50616599009749,6.991579773996985,164,-88.97997538855802,-85.73575410954575,-84.44917053819705,-85.55376601714966,-82.19826957908208,-85.3833871265065,2.1957401034103845
15,1.4844303607940674,0.057514257108517215,0.026555919647216798,0.009998072570530508,True,10,6,32,32,100,"{'bootstrap': True, 'max_depth': 10, 'max_features': 6, 'min_samples_leaf': 32, 'min_samples_split': 32, 'n_estimators': 100}",-79.51357746852052,-94.56114292742603,-96.46305341658737,-91.7707527195506,-101.09106797301578,-92.67991890102007,7.249519558900714,192,-88.67654088549568,-85.79593535102012,-84.41228459183844,-85.6251684132947,-82.12493784737458,-85.32697341780472,2.126882000177794
16,1.7600738525390625,0.06516097464850647,0.02371068000793457,0.006349372462334769,True,10,9,4,4,100,"{'bootstrap': True, 'max_depth': 10, 'max_features': 9, 'min_samples_leaf': 4, 'min_samples_split': 4, 'n_estimators': 100}",-75.24273427916083,-90.9424918927191,-91.80961674001745,-87.83470355430303,-99.71506097924696,-89.10892148908948,7.962922946183136,9,-67.17943716597428,-64.78959436055625,-63.922439550733486,-64.81778086645124,-61.8448389462598,-64.510818177995,1.7173877970995841
17,1.6140634059906005,0.10951287152601039,0.021377182006835936,0.004207715681540635,True,10,9,4,8,100,"{'bootstrap': True, 'max_depth': 10, 'max_features': 9, 'min_samples_leaf': 4, 'min_samples_split': 8, 'n_estimators': 100}",-75.57642493746138,-90.90492814560834,-91.23346684780843,-87.58525039890453,-99.78543272622419,-89.01710061120137,7.837539234108994,5,-66.67072323992461,-64.97517618581558,-63.84230273410438,-64.93358023423713,-61.912315553793164,-64.46681958957497,1.5651834013919048
18,1.443789005279541,0.028792194980981886,0.022954225540161133,0.004963515357525132,True,10,9,4,16,100,"{'bootstrap': True, 'max_depth': 10, 'max_features': 9, 'min_samples_leaf': 4, 'min_samples_split': 16, 'n_estimators': 100}",-75.51233243817991,-90.81894413783697,-91.55379703628293,-87.60122832181443,-99.56094853558068,-89.009450093939,7.813288206571843,4,-71.59530288572776,-69.3888362629846,-68.5029690192836,-69.69606042449735,-66.06732716839811,-69.05009915217828,1.800352794892876
19,1.5848280429840087,0.14685059500435463,0.022685956954956055,0.007326799442512375,True,10,9,4,32,100,"{'bootstrap': True, 'max_depth': 10, 'max_features': 9, 'min_samples_leaf': 4, 'min_samples_split': 32, 'n_estimators': 100}",-75.9396495501001,-91.88945942489329,-92.2554037297429,-87.61353995428432,-99.99861002514946,-89.53933253683401,7.886148351421931,53,-77.8017450886452,-75.09366755809252,-74.35536617735019,-75.4611403800671,-71.47104884265471,-74.83659360936194,2.0399382538224518
20,1.6613283157348633,0.07188285416587133,0.022015190124511717,0.00398513149807481,True,10,9,8,4,100,"{'bootstrap': True, 'max_depth': 10, 'max_features': 9, 'min_samples_leaf': 8, 'min_samples_split': 4, 'n_estimators': 100}",-75.65202761612382,-91.59377943328346,-92.90674475318919,-87.56821676191727,-99.77934951741298,-89.50002361638533,7.964332668221582,48,-74.54380676980449,-72.40401199808963,-71.32686115394075,-72.82967846613259,-68.73138008615193,-71.96714769482388,1.9211528107555045
21,1.7268280029296874,0.07797005362093683,0.025632858276367188,0.005491138200998143,True,10,9,8,8,100,"{'bootstrap': True, 'max_depth': 10, 'max_features': 9, 'min_samples_leaf': 8, 'min_samples_split': 8, 'n_estimators': 100}",-75.3604671886485,-91.87124989197248,-92.27741791768912,-87.80928039118727,-99.54551994827425,-89.37278706755431,7.961825828776441,36,-74.49784943989941,-71.97629782316149,-71.22470590975986,-72.69272203345318,-68.5593919098484,-71.79019342322447,1.9461987766572446
22,1.6044631481170655,0.10697627244052339,0.022909212112426757,0.005326078550177661,True,10,9,8,16,100,"{'bootstrap': True, 'max_depth': 10, 'max_features': 9, 'min_samples_leaf': 8, 'min_samples_split': 16, 'n_estimators': 100}",-75.340596006038,-91.55685051253589,-92.21966172927031,-87.68695525208878,-99.91277200102768,-89.34336710019213,8.046194107695975,33,-74.6819028413177,-72.49299209586863,-71.40457926360963,-72.61585111037056,-68.7412095384952,-71.98730696993233,1.9384711608511662
23,1.3766540050506593,0.0455936130807428,0.01779313087463379,0.001572262338006337,True,10,9,8,32,100,"{'bootstrap': True, 'max_depth': 10, 'max_features': 9, 'min_samples_leaf': 8, 'min_samples_split': 32, 'n_estimators': 100}",-75.7638680701483,-92.06782044297765,-92.85563274757136,-87.83035271272111,-100.19170799690279,-89.74187639406424,8.04168035130922,81,-79.44327679801145,-76.84559985922957,-75.58825555517096,-77.2186022172694,-73.18736385038066,-76.4566196560124,2.053978268643346
24,1.1544456005096435,0.010519595498750558,0.018354082107543947,0.00045615964737781274,True,10,9,16,4,100,"{'bootstrap': True, 'max_depth': 10, 'max_features': 9, 'min_samples_leaf': 16, 'min_samples_split': 4, 'n_estimators': 100}",-76.80442880633002,-92.57321344267332,-94.28896962773501,-88.52783604551946,-99.80887051815358,-90.40066368808228,7.70348411580678,117,-82.10199886485145,-79.30683761819455,-78.04610114211485,-79.75270638413802,-75.95907859819404,-79.03334452149858,2.021617169479297
25,1.2347891330718994,0.09104127181075582,0.024443578720092774,0.007113664672684785,True,10,9,16,8,100,"{'bootstrap': True, 'max_depth': 10, 'max_features': 9, 'min_samples_leaf': 16, 'min_samples_split': 8, 'n_estimators': 100}",-76.50058601432293,-92.65617931212002,-93.79143503336662,-88.25073344848876,-100.08549552206739,-90.25688586607313,7.8499891434320395,100,-82.38663470754572,-79.34856084385835,-78.30257637154634,-79.91327335174627,-75.76550434528805,-79.14330992399695,2.157337743865356
26,1.3577717304229737,0.040083168434220724,0.02413945198059082,0.003736371190512677,True,10,9,16,16,100,"{'bootstrap': True, 'max_depth': 10, 'max_features': 9, 'min_samples_leaf': 16, 'min_samples_split': 16, 'n_estimators': 100}",-76.57137692808983,-92.90449833869425,-94.0064795633943,-88.70101105334463,-100.13997511774471,-90.46466820025356,7.85165959131179,131,-82.28574931185796,-79.32269655379682,-78.2093592646263,-79.63603893075118,-75.68173966194017,-79.0271167445945,2.1418270229887693
27,1.353195810317993,0.06971070828152935,0.02231292724609375,0.008705010773364363,True,10,9,16,32,100,"{'bootstrap': True, 'max_depth': 10, 'max_features': 9, 'min_samples_leaf': 16, 'min_samples_split': 32, 'n_estimators': 100}",-76.88197179015681,-92.7482734215462,-93.78631234311766,-89.20598624494231,-99.64665389692388,-90.45383953933738,7.571398413587701,127,-82.48761142598941,-79.21610161141572,-78.33314624667393,-79.77288216582318,-75.82511260711867,-79.12697081140419,2.15645431940742
28,1.0368644714355468,0.06808103773926656,0.0158841609954834,0.001640280235167643,True,10,9,32,4,100,"{'bootstrap': True, 'max_depth': 10, 'max_features': 9, 'min_samples_leaf': 32, 'min_samples_split': 4, 'n_estimators': 100}",-79.44145975687815,-94.17741494520045,-96.37695789840886,-91.04788057232422,-101.41070468477247,-92.49088357151683,7.346820945017888,160,-88.81298770890214,-85.91968145542191,-84.39675131353522,-85.50624033947886,-82.24773733456527,-85.37667963038068,2.1387094036614775
29,0.9200568199157715,0.006848912240666576,0.016179466247558595,0.0022693771557303856,True,10,9,32,8,100,"{'bootstrap': True, 'max_depth': 10, 'max_features': 9, 'min_samples_leaf': 32, 'min_samples_split': 8, 'n_estimators': 100}",-79.67326154500569,-94.48665709831172,-96.29922187359537,-91.27306121064069,-101.10684509730265,-92.56780936497123,7.189802270380125,176,-88.92232143598358,-85.93272477165115,-84.22568093558695,-85.77102143328315,-82.18570933550562,-85.4074915824021,2.2153378977727476
30,0.9869587421417236,0.07022147538497944,0.01872882843017578,0.00481657053202608,True,10,9,32,16,100,"{'bootstrap': True, 'max_depth': 10, 'max_features': 9, 'min_samples_leaf': 32, 'min_samples_split': 16, 'n_estimators': 100}",-79.7131229380881,-94.18814837088159,-96.69310285157731,-91.44004058841678,-100.90847494402543,-92.58857793859784,7.151544113335812,179,-89.17793281755831,-85.80456459785962,-84.46460743877495,-85.68152287766493,-82.09090671829385,-85.44390689003032,2.294825593989287
31,1.0693992137908936,0.02279674894309165,0.02025012969970703,0.0037351392386581555,True,10,9,32,32,100,"{'bootstrap': True, 'max_depth': 10, 'max_features': 9, 'min_samples_leaf': 32, 'min_samples_split': 32, 'n_estimators': 100}",-79.24349091096582,-94.42498448949343,-96.74245810264001,-91.357387304714,-101.29736566002924,-92.6131372935685,7.430669624694703,184,-88.89613267407582,-85.96620817616544,-84.40315220878585,-85.7289600542968,-82.18124644038751,-85.43513991074228,2.1908745295224814
32,1.9493197917938232,0.12633597035499974,0.033129405975341794,0.008584515986569225,True,10,12,4,4,100,"{'bootstrap': True, 'max_depth': 10, 'max_features': 12, 'min_samples_leaf': 4, 'min_samples_split': 4, 'n_estimators': 100}",-75.12646619291343,-90.56464728649412,-91.36691168961832,-88.05339145682056,-99.74363251398643,-88.97100982796658,7.96043764567242,2,-66.99230703308504,-64.96268777508575,-64.22273399819495,-64.70122608832955,-61.75866816465096,-64.52752461186925,1.6765533041908143
33,2.002326488494873,0.05287629811725772,0.03264088630676269,0.010625924641129514,True,10,12,4,8,100,"{'bootstrap': True, 'max_depth': 10, 'max_features': 12, 'min_samples_leaf': 4, 'min_samples_split': 8, 'n_estimators': 100}",-75.28935864581179,-90.876059971625,-91.43024386491923,-88.09492141093521,-99.40674915424073,-89.0194666095064,7.829751887135791,6,-66.8353314922121,-64.62208512095539,-63.97052784339019,-64.73992115216798,-61.81335091180304,-64.39624330410575,1.6106419181527625
34,1.9557572841644286,0.07047147225666818,0.02343411445617676,0.001850348184226372,True,10,12,4,16,100,"{'bootstrap': True, 'max_depth': 10, 'max_features': 12, 'min_samples_leaf': 4, 'min_samples_split': 16, 'n_estimators': 100}",-75.60123425450662,-90.81821733788134,-91.52937457414143,-87.76689860820652,-100.0350445519689,-89.15015386534097,7.904563111477945,13,-71.6971574308935,-69.2622081358366,-68.30320277855397,-69.97769337479693,-66.27745256944013,-69.10354285790422,1.7968573071333696
35,1.7395946502685546,0.0299376663500828,0.025478649139404296,0.005422581591060798,True,10,12,4,32,100,"{'bootstrap': True, 'max_depth': 10, 'max_features': 12, 'min_samples_leaf': 4, 'min_samples_split': 32, 'n_estimators': 100}",-75.80540813407907,-91.72654283853701,-92.07471301107672,-87.15513881488174,-100.30942196230455,-89.41424495217582,8.017901146445814,40,-77.99810545956747,-75.37003930060231,-73.87609356959459,-75.11059646625681,-71.78294069913576,-74.82755509903139,2.0298643796697533
36,1.742648220062256,0.1119309461807224,0.024375391006469727,0.005450577824836277,True,10,12,8,4,100,"{'bootstrap': True, 'max_depth': 10, 'max_features': 12, 'min_samples_leaf': 8, 'min_samples_split': 4, 'n_estimators': 100}",-75.50941464050695,-91.80665935617748,-92.1240391783185,-87.63357125280679,-100.00185718593458,-89.41510832274886,8.020963350294469,41,-74.47355798928378,-72.25790609634196,-71.23944200765362,-72.60723377749216,-68.63978774240863,-71.84358552263602,1.9131589047202202
37,1.5185445308685304,0.07016815974506242,0.02031230926513672,0.00173694680828452,True,10,12,8,8,100,"{'bootstrap': True, 'max_depth': 10, 'max_features': 12, 'min_samples_leaf': 8, 'min_samples_split': 8, 'n_estimators': 100}",-75.7068255154802,-91.56795584109597,-92.62780221736557,-87.78054372054189,-99.92786155261199,-89.52219776941912,7.949913372920023,52,-74.7307228265345,-72.08107215469931,-71.34951541618808,-72.64780872787944,-68.74912677551391,-71.91164918016304,1.9408943081048573
38,1.4754867553710938,0.0314792270498166,0.023761606216430663,0.005296036674749167,True,10,12,8,16,100,"{'bootstrap': True, 'max_depth': 10, 'max_features': 12, 'min_samples_leaf': 8, 'min_samples_split': 16, 'n_estimators': 100}",-75.78625244784118,-91.51742874016365,-92.08157735071242,-87.62990615839139,-99.70579183405773,-89.34419130623328,7.827330176439055,34,-74.5986519672905,-72.29412927551627,-71.43269067316089,-72.6554060044432,-68.57081509827486,-71.91033860373715,1.965197915789548
39,1.427460241317749,0.02492276001825992,0.019359111785888672,0.001811293578178756,True,10,12,8,32,100,"{'bootstrap': True, 'max_depth': 10, 'max_features': 12, 'min_samples_leaf': 8, 'min_samples_split': 32, 'n_estimators': 100}",-75.92237435388654,-92.03275405327176,-93.36041564552451,-87.63563287011738,-99.86864626691765,-89.76396463794357,7.95368938027632,83,-79.57752891653634,-76.71004025965043,-75.78128735182271,-77.2642228256387,-72.86560374889865,-76.43973662050936,2.1820432294594867
40,1.4306254863739014,0.025737422871808937,0.017292022705078125,0.002474828744510078,True,10,12,16,4,100,"{'bootstrap': True, 'max_depth': 10, 'max_features': 12, 'min_samples_leaf': 16, 'min_samples_split': 4, 'n_estimators': 100}",-76.51662601007112,-92.91449881467372,-93.54794730537893,-88.54521542971294,-100.18113749904134,-90.34108501177562,7.849507902649846,107,-82.05550135056951,-79.35196266512634,-78.1703902166749,-79.67673939030965,-75.72699839863978,-78.99631840426403,2.064880942220694
41,1.3801442623138427,0.11002648637534433,0.01769428253173828,0.0021934988928816426,True,10,12,16,8,100,"{'bootstrap': True, 'max_depth': 10, 'max_features': 12, 'min_samples_leaf': 16, 'min_samples_split': 8, 'n_estimators': 100}",-76.91584823873002,-92.64761931492502,-93.72862588672851,-88.72449619653551,-100.24624211972609,-90.45256635132904,7.716163196418481,126,-82.33970704380165,-79.26796197008349,-78.24815345071984,-79.82492811598905,-75.75484884696787,-79.08711988551238,2.143095099140979
42,1.3028228282928467,0.02640530111874739,0.026245498657226564,0.007548351017620695,True,10,12,16,16,100,"{'bootstrap': True, 'max_depth': 10, 'max_features': 12, 'min_samples_leaf': 16, 'min_samples_split': 16, 'n_estimators': 100}",-76.89578636746033,-92.36941575586204,-94.6459412588654,-88.59375485763469,-99.94321123164323,-90.48962189429315,7.727427037932351,134,-82.31889608229424,-79.5431851020496,-78.26424707328522,-79.54538756782028,-75.84994160191441,-79.10433148547276,2.098444368836297
43,1.3148687839508058,0.017735793803941555,0.02153358459472656,0.004461710161453768,True,10,12,16,32,100,"{'bootstrap': True, 'max_depth': 10, 'max_features': 12, 'min_samples_leaf': 16, 'min_samples_split': 32, 'n_estimators': 100}",-76.32211779165206,-92.72012881053737,-93.62779918031376,-88.15969336789954,-100.09308141742424,-90.18456411356539,7.908617967544878,97,-82.0653746038962,-79.33918579141825,-78.05630751792077,-79.7772959661711,-75.85202682530466,-79.0180381409422,2.045210073270163
44,1.0909138679504395,0.03536118365548827,0.016726303100585937,0.0023301005221666882,True,10,12,32,4,100,"{'bootstrap': True, 'max_depth': 10, 'max_features': 12, 'min_samples_leaf': 32, 'min_samples_split': 4, 'n_estimators': 100}",-79.47566241642055,-94.23341004480245,-96.5656977980571,-91.52421482440418,-101.12128900998971,-92.5840548187348,7.272020809919452,178,-88.69737204232378,-85.91315452712374,-84.21569529335552,-85.63331858656255,-82.15471565949919,-85.32285122177295,2.14919128678729
45,1.1257111072540282,0.05801574410838742,0.017205286026000976,0.002035687344432604,True,10,12,32,8,100,"{'bootstrap': True, 'max_depth': 10, 'max_features': 12, 'min_samples_leaf': 32, 'min_samples_split': 8, 'n_estimators': 100}",-79.61654171742725,-94.18723179462593,-95.73994824697681,-91.54403969405897,-101.352784346019,-92.48810915982158,7.191835049748157,158,-88.82042416558485,-85.85400589601599,-84.25798210994618,-85.6937312530303,-82.40174803032822,-85.40557829098111,2.1111733715322005
46,1.1685659885406494,0.03997498710347891,0.023340559005737303,0.0034694859081881796,True,10,12,32,16,100,"{'bootstrap': True, 'max_depth': 10, 'max_features': 12, 'min_samples_leaf': 32, 'min_samples_split': 16, 'n_estimators': 100}",-79.55801327472935,-93.92318816835241,-96.54225107910206,-91.42491926143578,-101.22986799385157,-92.53564795549423,7.255622904299438,169,-88.82403223263941,-85.87473800685125,-84.53147197354079,-85.64926113579241,-82.42720412310713,-85.4613414943862,2.077717323548512
47,1.218958330154419,0.023803456382945443,0.020560216903686524,0.0029032091163282052,True,10,12,32,32,100,"{'bootstrap': True, 'max_depth': 10, 'max_features': 12, 'min_samples_leaf': 32, 'min_samples_split': 32, 'n_estimators': 100}",-79.42116785933871,-94.27822792931474,-96.3261553371792,-91.26063610033344,-101.16542522904898,-92.49032249104302,7.286735323882045,159,-88.89812260057055,-85.90818237593378,-84.18130683301571,-85.63538418519879,-82.21587377413705,-85.36777395377118,2.198599419525009
48,1.8550451755523683,0.06628100380394138,0.03379673957824707,0.0071445676356431025,True,20,6,4,4,100,"{'bootstrap': True, 'max_depth': 20, 'max_features': 6, 'min_samples_leaf': 4, 'min_samples_split': 4, 'n_estimators': 100}",-75.97618761267273,-91.48737274744491,-92.08959356591667,-88.37887689036113,-100.46458569404527,-89.67932330208814,7.935583393767843,77,-58.4348506792509,-56.58956294766928,-55.38490937358564,-56.4584568753825,-53.92002945614328,-56.15756186640632,1.487733191092122
49,1.7199482440948486,0.19552051198245737,0.02634115219116211,0.0039032975532604835,True,20,6,4,8,100,"{'bootstrap': True, 'max_depth': 20, 'max_features': 6, 'min_samples_leaf': 4, 'min_samples_split': 8, 'n_estimators': 100}",-75.93900808056489,-90.82429063724028,-92.29037835758982,-88.18452577613657,-98.9808666608783,-89.24381390248197,7.54625214794162,19,-58.14478130525724,-56.3737944771335,-55.19753759446357,-56.39807662566243,-53.73147761626269,-55.969133523755886,1.4617558058344178
50,1.3871298789978028,0.04242792712908935,0.019542598724365236,0.0013926754124247392,True,20,6,4,16,100,"{'bootstrap': True, 'max_depth': 20, 'max_features': 6, 'min_samples_leaf': 4, 'min_samples_split': 16, 'n_estimators': 100}",-75.57936626586798,-91.0471868495698,-91.80551228561093,-87.76816233553964,-100.10013552539912,-89.2600726523975,7.956978406388615,22,-66.92052041285667,-64.7337637406937,-63.37508171906091,-64.88455092983004,-61.817110819931365,-64.34620552447454,1.6974401763220797
51,1.2640290260314941,0.026516413460129794,0.016693592071533203,0.000280815309225006,True,20,6,4,32,100,"{'bootstrap': True, 'max_depth': 20, 'max_features': 6, 'min_samples_leaf': 4, 'min_samples_split': 32, 'n_estimators': 100}",-75.68770845030438,-91.36467215320967,-92.75382338700204,-87.89429209051953,-100.30035618750249,-89.60017045370762,8.050088046662117,68,-75.7311419830092,-73.19112857308323,-71.92848758219911,-73.37806514150394,-70.18988019013209,-72.88374069398552,1.8229608328301163
52,1.365077543258667,0.118115450372705,0.021582317352294923,0.005501138575285457,True,20,6,8,4,100,"{'bootstrap': True, 'max_depth': 20, 'max_features': 6, 'min_samples_leaf': 8, 'min_samples_split': 4, 'n_estimators': 100}",-76.20733690991648,-92.29572622170012,-92.48326398818512,-87.77941992973126,-100.17750371532914,-89.78865015297242,7.873547205312115,84,-72.57420013692754,-70.1485055092035,-68.7113659816953,-70.21510497512111,-66.40769016200629,-69.61137335299074,2.0250898564258177
53,1.6416890144348144,0.06038478514478348,0.020527124404907227,0.001464376702643923,True,20,6,8,8,100,"{'bootstrap': True, 'max_depth': 20, 'max_features': 6, 'min_samples_leaf': 8, 'min_samples_split': 8, 'n_estimators': 100}",-75.8246860756326,-91.7417978914063,-92.2402937618411,-87.89892364177061,-100.11342600588019,-89.56382547530615,7.933939339921633,60,-72.48448161903777,-69.85640924996885,-68.96583135564646,-70.20427046119828,-66.53402093975595,-69.60900272512147,1.926297740555766
54,1.5085064888000488,0.047323198503982186,0.021801185607910157,0.002667361032073062,True,20,6,8,16,100,"{'bootstrap': True, 'max_depth': 20, 'max_features': 6, 'min_samples_leaf': 8, 'min_samples_split': 16, 'n_estimators': 100}",-75.91236793789173,-91.45737143185156,-92.84923216247832,-87.78679671901358,-99.78983822353062,-89.55912129495316,7.854562541179109,59,-72.3976980200285,-70.04374668513762,-68.83505668596848,-69.95346796442806,-66.78269297831554,-69.60253246677564,1.825995070907541
55,1.3965942859649658,0.043517324553036,0.025021696090698244,0.005330361960430226,True,20,6,8,32,100,"{'bootstrap': True, 'max_depth': 20, 'max_features': 6, 'min_samples_leaf': 8, 'min_samples_split': 32, 'n_estimators': 100}",-76.30097249200062,-92.18335267130587,-92.90748366842422,-88.15813719744612,-99.79359433037908,-89.86870807191119,7.7473170255764545,88,-78.4891125822585,-75.95865663912048,-74.60214454208356,-76.12370716346369,-72.32665813290659,-75.50005581196656,2.0204164709764494
56,1.3350753307342529,0.06632060438331867,0.020532703399658202,0.0017031787377101016,True,20,6,16,4,100,"{'bootstrap': True, 'max_depth': 20, 'max_features': 6, 'min_samples_leaf': 16, 'min_samples_split': 4, 'n_estimators': 100}",-76.80729742868562,-92.77870061225167,-94.15963410594296,-88.98126620346191,-100.0588152458433,-90.55714271923709,7.7425664578774,140,-81.93078375611039,-78.8952045896366,-78.0116897638554,-79.53567591728098,-75.6601192080213,-78.80669464698093,2.0411834910872613
57,1.3440658569335937,0.04934419286212963,0.01826920509338379,0.001820558528731232,True,20,6,16,8,100,"{'bootstrap': True, 'max_depth': 20, 'max_features': 6, 'min_samples_leaf': 16, 'min_samples_split': 8, 'n_estimators': 100}",-76.82459169488837,-93.13088510082501,-93.76349567410563,-88.24343273681475,-99.98278515214234,-90.38903807175522,7.740058139930693,115,-82.08214440768265,-79.02096988997074,-77.78612094863043,-79.28178288681848,-75.69690623645168,-78.77358487391079,2.083605874292655
58,1.3784394264221191,0.03167183363225323,0.017389822006225585,0.0015242174863816754,True,20,6,16,16,100,"{'bootstrap': True, 'max_depth': 20, 'max_features': 6, 'min_samples_leaf': 16, 'min_samples_split': 16, 'n_estimators': 100}",-76.63909528523384,-92.95923348659556,-93.84486796061992,-88.74634684342436,-100.40584076081126,-90.51907686733699,7.881114279912227,138,-81.9977709123799,-78.89752571276645,-77.87563994106435,-79.44561609841013,-75.67913119158266,-78.7791367712407,2.0612693897487753
59,1.3622891426086425,0.053898972079192614,0.019157028198242186,0.0028758225229337264,True,20,6,16,32,100,"{'bootstrap': True, 'max_depth': 20, 'max_features': 6, 'min_samples_leaf': 16, 'min_samples_split': 32, 'n_estimators': 100}",-77.29004648921062,-92.38047324814762,-94.36334094596637,-88.36087718577649,-100.02765982812753,-90.48447953944573,7.593620986727784,133,-82.00394048660654,-78.70478244456731,-78.2083376848373,-79.51655713715316,-75.46547794535716,-78.7798191397043,2.1097308097411873
60,1.1219881534576417,0.05787558584370662,0.019356393814086915,0.0051996252047093496,True,20,6,32,4,100,"{'bootstrap': True, 'max_depth': 20, 'max_features': 6, 'min_samples_leaf': 32, 'min_samples_split': 4, 'n_estimators': 100}",-78.89345977380385,-93.84259260132596,-96.59543312236352,-91.21256937392988,-101.50225271233076,-92.40926151675079,7.567957827999297,148,-88.83803494471147,-85.74188560893467,-84.31861364731773,-85.62394643182157,-82.40876153228649,-85.38624843301439,2.10252612547398
61,0.9965260028839111,0.0273994963611183,0.019757795333862304,0.005725485295326005,True,20,6,32,8,100,"{'bootstrap': True, 'max_depth': 20, 'max_features': 6, 'min_samples_leaf': 32, 'min_samples_split': 8, 'n_estimators': 100}",-79.10509982343463,-94.38276841367993,-96.61588930473961,-91.76315545694558,-101.4666606965377,-92.66671473906749,7.492845751981327,190,-88.74190234274788,-85.75481640803328,-84.39153393420969,-85.8104365226018,-82.30431421211618,-85.40060068394178,2.100615937767268
62,1.0044639587402344,0.013951930698894928,0.015328359603881837,0.002424205861198559,True,20,6,32,16,100,"{'bootstrap': True, 'max_depth': 20, 'max_features': 6, 'min_samples_leaf': 32, 'min_samples_split': 16, 'n_estimators': 100}",-79.41782223931406,-94.32336114316155,-96.51944175536667,-91.16497255026712,-100.98319906263396,-92.48175935014868,7.2714404881927095,157,-88.75052534208525,-85.96749431213827,-84.45997272909686,-85.52250279788144,-82.21667390849228,-85.38343381793882,2.125037452880705
63,0.9881928920745849,0.03884408628576148,0.014185285568237305,0.0006338436302179734,True,20,6,32,32,100,"{'bootstrap': True, 'max_depth': 20, 'max_features': 6, 'min_samples_leaf': 32, 'min_samples_split': 32, 'n_estimators': 100}",-79.12687268582575,-94.0624355779101,-96.53890182238567,-91.00243684752729,-101.37694806293156,-92.42151899931608,7.464671097876847,152,-88.80683422205476,-85.74928388188658,-84.29177656039363,-85.90764545253616,-82.10618660818982,-85.37234534501218,2.1936163978525727
64,1.7948917388916015,0.05711853982764096,0.02703123092651367,0.008836055034015793,True,20,9,4,4,100,"{'bootstrap': True, 'max_depth': 20, 'max_features': 9, 'min_samples_leaf': 4, 'min_samples_split': 4, 'n_estimators': 100}",-75.22220410513013,-91.31003694648228,-92.12091657309887,-88.17931486330306,-100.06064313887282,-89.37862312537743,8.089482357416774,37,-58.22513256362932,-56.578920218819846,-55.59541582110285,-56.324395110877674,-53.720343376173886,-56.088841418120715,1.4637386669718757
65,2.173874521255493,0.5174756227917118,0.0511631965637207,0.04026137626283506,True,20,9,4,8,100,"{'bootstrap': True, 'max_depth': 20, 'max_features': 9, 'min_samples_leaf': 4, 'min_samples_split': 8, 'n_estimators': 100}",-75.56499329251581,-90.65551000385231,-91.2939118504796,-88.81635765100387,-100.20925708241107,-89.30800597605254,7.920971917969136,32,-58.364543807929216,-56.42463316472793,-55.6133161823731,-56.608495313119995,-53.71237337956822,-56.1446723695437,1.511274743193174
66,2.738369941711426,0.20987817430202438,0.07602200508117676,0.04402983197691469,True,20,9,4,16,100,"{'bootstrap': True, 'max_depth': 20, 'max_features': 9, 'min_samples_leaf': 4, 'min_samples_split': 16, 'n_estimators': 100}",-75.6127755932959,-90.9874757500196,-92.17750871933502,-88.16236529450141,-100.10372500277066,-89.40877007198452,7.955165300759991,39,-67.10291519200307,-64.4421019859714,-63.752943002631966,-64.92816116722291,-61.53106358214527,-64.35143698599492,1.8013419679136857
67,2.2991848468780516,0.04864577763206137,0.023678159713745116,0.0043210535919552704,True,20,9,4,32,100,"{'bootstrap': True, 'max_depth': 20, 'max_features': 9, 'min_samples_leaf': 4, 'min_samples_split': 32, 'n_estimators': 100}",-75.88848566522074,-91.51262802084416,-92.93611353996398,-87.72392109908144,-99.85093245856967,-89.582416156736,7.891681281012504,65,-75.86445430735947,-73.30126963465271,-72.02530370642796,-73.39523763982642,-69.89485247468451,-72.89622355259021,1.9488561223004905
68,2.1454658031463625,0.10024341878230843,0.025158262252807616,0.0030102732992391117,True,20,9,8,4,100,"{'bootstrap': True, 'max_depth': 20, 'max_features': 9, 'min_samples_leaf': 8, 'min_samples_split': 4, 'n_estimators': 100}",-76.27628822975241,-91.74955146426515,-92.86778960311577,-87.73200153435629,-100.00917927695379,-89.72696202168868,7.804872201862695,79,-72.58463475196078,-69.89663604166628,-68.89506539788964,-70.19248998173813,-66.70098501374295,-69.65396223739955,1.9096461971138574
69,2.030345344543457,0.06468080339033694,0.027695608139038087,0.0037968041403333183,True,20,9,8,8,100,"{'bootstrap': True, 'max_depth': 20, 'max_features': 9, 'min_samples_leaf': 8, 'min_samples_split': 8, 'n_estimators': 100}",-75.77985099583928,-91.62996775858434,-92.86194434500706,-87.91795167306464,-99.86350025473192,-89.61064300544544,7.923707796142202,70,-72.47094020280706,-70.0664358688143,-68.85925400483451,-70.16672386338189,-66.46718863736226,-69.60610851544,1.9567350918588002
70,1.8521492958068848,0.2056935223123813,0.02933659553527832,0.0047885753633776906,True,20,9,8,16,100,"{'bootstrap': True, 'max_depth': 20, 'max_features': 9, 'min_samples_leaf': 8, 'min_samples_split': 16, 'n_estimators': 100}",-75.69734222966103,-91.55871054676516,-92.61731275464255,-88.1308226329669,-100.21759622127304,-89.64435687706174,8.013820690976118,73,-72.52534893222156,-70.05950028212361,-68.93404904654373,-70.1900904821475,-66.47835297055111,-69.63746834271751,1.9645948756417415
71,1.5477213859558105,0.05652133160495128,0.021373605728149413,0.003402307046436031,True,20,9,8,32,100,"{'bootstrap': True, 'max_depth': 20, 'max_features': 9, 'min_samples_leaf': 8, 'min_samples_split': 32, 'n_estimators': 100}",-76.24336144878397,-92.22747155465895,-93.26472811894257,-88.23209729476562,-99.8855400664764,-89.9706396967255,7.819338280062775,95,-78.6978134833474,-75.95409038953483,-74.52099050240777,-76.01602465769663,-72.34453476223268,-75.50669075904386,2.079119392211428
72,1.4330009937286377,0.023199048409418496,0.020870161056518555,0.0023355013465658526,True,20,9,16,4,100,"{'bootstrap': True, 'max_depth': 20, 'max_features': 9, 'min_samples_leaf': 16, 'min_samples_split': 4, 'n_estimators': 100}",-76.70300001260107,-92.75853445334,-93.92818490880063,-88.79850212874786,-100.12995809924509,-90.46363592054692,7.782483081457456,130,-82.04246702144523,-79.10463317159532,-77.85500196398725,-79.34284419177094,-75.45062882576971,-78.7591150349137,2.1449486809673455
73,1.5249473571777343,0.02339219401652801,0.02782297134399414,0.006309194200910133,True,20,9,16,8,100,"{'bootstrap': True, 'max_depth': 20, 'max_features': 9, 'min_samples_leaf': 16, 'min_samples_split': 8, 'n_estimators': 100}",-76.88887005775447,-92.73191673667037,-93.81963818180617,-88.56649446310138,-100.12635978325294,-90.42665584451707,7.715473514883672,121,-81.85324825396592,-79.21638771151036,-77.91744993735648,-79.40708738349876,-75.55703865205196,-78.7902423876767,2.0571570470050133
74,1.5320893287658692,0.042166325228818496,0.022343921661376952,0.0032730381088861065,True,20,9,16,16,100,"{'bootstrap': True, 'max_depth': 20, 'max_features': 9, 'min_samples_leaf': 16, 'min_samples_split': 16, 'n_estimators': 100}",-76.85533572906847,-92.93167736795716,-94.24863355433898,-88.41656350425231,-99.90270216660282,-90.47098246444395,7.731616609633313,132,-81.71310347730628,-79.02973312038797,-77.96376083802379,-79.45395854343552,-75.77631504665476,-78.78737420516167,1.9394731517740593
75,1.3110296249389648,0.1175416011527484,0.022190189361572264,0.0049390244757120515,True,20,9,16,32,100,"{'bootstrap': True, 'max_depth': 20, 'max_features': 9, 'min_samples_leaf': 16, 'min_samples_split': 32, 'n_estimators': 100}",-76.48030174379568,-93.29608210203715,-94.2407851399221,-88.46180552330591,-99.61564660392496,-90.41892422259716,7.817670639052025,119,-81.98608110901696,-79.05810613340995,-77.98390586430929,-79.52564587314217,-75.47896524394699,-78.80654084476507,2.118459870685141
76,1.0955217361450196,0.03752743004242202,0.021736955642700194,0.010157560455568758,True,20,9,32,4,100,"{'bootstrap': True, 'max_depth': 20, 'max_features': 9, 'min_samples_leaf': 32, 'min_samples_split': 4, 'n_estimators': 100}",-79.57234621376288,-94.65710359526271,-96.469908915816,-91.06517426336404,-100.98409563847211,-92.54972572533555,7.232755292360378,172,-88.82755259257218,-85.78420597596612,-84.3392559296298,-85.5178893353379,-82.24014306366699,-85.3418093794346,2.144880975789154
77,1.097454595565796,0.023715048653449384,0.01821165084838867,0.005267874632657691,True,20,9,32,8,100,"{'bootstrap': True, 'max_depth': 20, 'max_features': 9, 'min_samples_leaf': 32, 'min_samples_split': 8, 'n_estimators': 100}",-79.26770310867914,-94.27381768520488,-95.87432138266482,-91.1806888642416,-101.49923792925652,-92.41915379400939,7.379977501715086,150,-88.7836244604459,-85.78978462444744,-84.29502915042896,-85.54528414582236,-82.36183281660782,-85.35511103955051,2.100633206659486
78,1.2276064872741699,0.0681433243639842,0.02244114875793457,0.0036113468767581215,True,20,9,32,16,100,"{'bootstrap': True, 'max_depth': 20, 'max_features': 9, 'min_samples_leaf': 32, 'min_samples_split': 16, 'n_estimators': 100}",-79.81435438067125,-93.74234397943867,-96.20068645532962,-91.59260352693396,-101.1670104935269,-92.50339976718007,7.100767353536603,163,-89.09656236151578,-85.68884328362914,-84.19536261107478,-85.5660453805823,-82.3622849406106,-85.38181971548252,2.2114604319588214
79,1.284495973587036,0.009372384867336428,0.020758771896362306,0.002479010855521668,True,20,9,32,32,100,"{'bootstrap': True, 'max_depth': 20, 'max_features': 9, 'min_samples_leaf': 32, 'min_samples_split': 32, 'n_estimators': 100}",-79.41660255407376,-93.84857190182954,-96.26825915575141,-91.16403693906653,-101.11795901662111,-92.36308591346848,7.254708809377035,145,-88.83354758282759,-85.65602794658965,-84.37105676501858,-85.6113500320666,-82.05209057611945,-85.30481458052438,2.1964238443410284
80,2.1603726863861086,0.0945765508854499,0.05628371238708496,0.01260887917261575,True,20,12,4,4,100,"{'bootstrap': True, 'max_depth': 20, 'max_features': 12, 'min_samples_leaf': 4, 'min_samples_split': 4, 'n_estimators': 100}",-75.64584805754176,-91.19274934017338,-91.44139723647088,-88.13795824347558,-99.96846622205697,-89.27728381994372,7.871059393851927,24,-58.614973375212145,-56.5957422915974,-55.348332211710364,-56.590723378357175,-53.80037946614132,-56.19003014460368,1.5889866494581002
81,2.042192840576172,0.1741001366998626,0.042127132415771484,0.01807058050804737,True,20,12,4,8,100,"{'bootstrap': True, 'max_depth': 20, 'max_features': 12, 'min_samples_leaf': 4, 'min_samples_split': 8, 'n_estimators': 100}",-75.20698577635909,-91.21670827176224,-91.6106593914325,-88.23736855566389,-99.96928806120445,-89.24820201128443,8.032128553394534,20,-58.42344156051239,-56.54524220705542,-55.59217796694592,-56.62374435834096,-53.78752324748263,-56.19442586806747,1.5120701165184627
82,1.5803488731384276,0.10247756887892433,0.01803417205810547,0.0005883763506334746,True,20,12,4,16,100,"{'bootstrap': True, 'max_depth': 20, 'max_features': 12, 'min_samples_leaf': 4, 'min_samples_split': 16, 'n_estimators': 100}",-75.41290579044805,-91.57725913219971,-91.51177506974915,-87.4880740989112,-100.14173470353921,-89.22634975896946,8.046470142394936,18,-67.32682004939906,-64.70369337995136,-63.58820317913107,-64.58801754262498,-61.87806281799827,-64.41695939382096,1.7726589626923277
83,1.1432924747467041,0.06899489708135277,0.016579818725585938,0.0007717303719887811,True,20,12,4,32,100,"{'bootstrap': True, 'max_depth': 20, 'max_features': 12, 'min_samples_leaf': 4, 'min_samples_split': 32, 'n_estimators': 100}",-75.62758902380233,-91.45855511917848,-92.65674270186493,-88.04534689970193,-99.96946571649738,-89.55153989220901,7.974424056467572,56,-75.70731158049273,-73.44589575498175,-72.34897197868747,-73.71372027718513,-70.19380485024232,-73.08194088831787,1.8056994661023766
84,1.182040023803711,0.06691331714837911,0.018121004104614258,0.0014665852038665804,True,20,12,8,4,100,"{'bootstrap': True, 'max_depth': 20, 'max_features': 12, 'min_samples_leaf': 8, 'min_samples_split': 4, 'n_estimators': 100}",-75.89538409262072,-91.86126623856588,-92.60768912545818,-87.47169320164446,-99.94015877743298,-89.55523828714445,7.917254212940652,58,-72.6026789211763,-69.86298071838775,-69.08544746099048,-70.11429770649899,-66.50733834664902,-69.63454863074051,1.958218275418187
85,1.335838747024536,0.038619865309192106,0.023642492294311524,0.00674825029579099,True,20,12,8,8,100,"{'bootstrap': True, 'max_depth': 20, 'max_features': 12, 'min_samples_leaf': 8, 'min_samples_split': 8, 'n_estimators': 100}",-75.9047332019694,-91.8290856033057,-92.87611918080258,-87.70145390484791,-99.75546755135812,-89.61337188845675,7.873997924917518,71,-72.45721042198474,-69.9090892376548,-68.886531118338,-70.15703161051952,-66.62099117919891,-69.6061707135392,1.8948779791022445
86,1.4042542457580567,0.08071703756337725,0.02322978973388672,0.005020138647145993,True,20,12,8,16,100,"{'bootstrap': True, 'max_depth': 20, 'max_features': 12, 'min_samples_leaf': 8, 'min_samples_split': 16, 'n_estimators': 100}",-75.81398126421198,-92.22098030318588,-92.01720563400107,-87.79360610842981,-100.06159641496193,-89.58147394495812,7.94321189164311,64,-72.34083334311867,-70.05904232165018,-68.95258505310542,-70.10968433221346,-66.51711085699581,-69.5958511814167,1.8924022249172279
87,1.395249366760254,0.0648889911962903,0.019980144500732423,0.0023908404909312275,True,20,12,8,32,100,"{'bootstrap': True, 'max_depth': 20, 'max_features': 12, 'min_samples_leaf': 8, 'min_samples_split': 32, 'n_estimators': 100}",-76.24645534109733,-92.1854867880769,-92.88266208317883,-88.0290805842318,-99.89837407722779,-89.84841177476252,7.797352392153629,86,-78.63804320269773,-75.59794761270818,-74.55311391802503,-76.02290379954098,-72.18652981121348,-75.39970766883707,2.0955057836317947
88,1.381635808944702,0.02783557210051795,0.02097945213317871,0.004947458612188956,True,20,12,16,4,100,"{'bootstrap': True, 'max_depth': 20, 'max_features': 12, 'min_samples_leaf': 16, 'min_samples_split': 4, 'n_estimators': 100}",-76.85610351604036,-93.20116814893662,-93.76718747778611,-88.69058896161813,-99.47436975108614,-90.39788357109347,7.58798888452801,116,-81.87046456443217,-79.0978692146182,-77.54294390451707,-79.33812640392054,-75.72039895397523,-78.71396060829264,2.0412338171943016
89,1.4063844203948974,0.07983365532672092,0.021224164962768556,0.004709749458756083,True,20,12,16,8,100,"{'bootstrap': True, 'max_depth': 20, 'max_features': 12, 'min_samples_leaf': 16, 'min_samples_split': 8, 'n_estimators': 100}",-76.72084633591832,-92.56866080723134,-93.92323034820866,-88.27379649246885,-99.79833575380957,-90.25697394752734,7.706914567935244,101,-82.12521037222214,-78.95692041086068,-77.79167310269055,-79.46422173508269,-75.53174429706394,-78.773953983584,2.154885845932018
90,1.3280407428741454,0.07566583211170627,0.017013978958129884,0.000773702730902229,True,20,12,16,16,100,"{'bootstrap': True, 'max_depth': 20, 'max_features': 12, 'min_samples_leaf': 16, 'min_samples_split': 16, 'n_estimators': 100}",-76.48615617906911,-93.01485681585346,-93.95461854782106,-88.74690217142336,-100.34186567009796,-90.50887987685299,7.931985758388437,137,-81.75980336690704,-79.06286601809438,-77.88848384960251,-79.24149691489504,-75.64633017105199,-78.71979606411018,1.9884056812369166
91,1.359763765335083,0.07049390094666308,0.0186553955078125,0.002779730843752199,True,20,12,16,32,100,"{'bootstrap': True, 'max_depth': 20, 'max_features': 12, 'min_samples_leaf': 16, 'min_samples_split': 32, 'n_estimators': 100}",-76.79075868818451,-93.18844495733032,-94.15699784813972,-88.61409356269505,-100.03005527541642,-90.55607006635321,7.783412417141188,139,-81.98721291568917,-79.1815641812557,-77.94659991151043,-79.41082472829079,-75.63070570219313,-78.83138148778785,2.0709813283229277
92,1.0988382339477538,0.06025087646243352,0.015935230255126952,0.0018027900018938452,True,20,12,32,4,100,"{'bootstrap': True, 'max_depth': 20, 'max_features': 12, 'min_samples_leaf': 32, 'min_samples_split': 4, 'n_estimators': 100}",-79.82840837567404,-94.40016304527597,-96.11102843692794,-91.51721394742027,-101.23984312443132,-92.61933138594591,7.134408267418934,185,-88.98994907516307,-85.93277301111969,-84.36516023948107,-85.9468790135851,-82.24347188260533,-85.49564664439085,2.2117630877686407
93,1.0568647384643555,0.07215018308403007,0.014423179626464843,0.0015085246397437972,True,20,12,32,8,100,"{'bootstrap': True, 'max_depth': 20, 'max_features': 12, 'min_samples_leaf': 32, 'min_samples_split': 8, 'n_estimators': 100}",-79.74926467975894,-94.05430873622917,-96.42590309630688,-91.14417332900825,-101.39947497260643,-92.55462496278194,7.230959041413239,173,-88.77891342646076,-85.64647138117466,-84.47023321041577,-85.77913989448741,-82.18397443422704,-85.37174646935313,2.1365788802473857
94,1.0534048080444336,0.026562173837960754,0.015971040725708006,0.0031999166801871897,True,20,12,32,16,100,"{'bootstrap': True, 'max_depth': 20, 'max_features': 12, 'min_samples_leaf': 32, 'min_samples_split': 16, 'n_estimators': 100}",-79.62791548091607,-93.82346085898533,-96.14926551573852,-91.19782853201808,-101.06583616039298,-92.3728613096102,7.1518896208179354,146,-89.09305769880162,-85.72613779178468,-84.59863891480134,-85.66506914814518,-82.21508631576135,-85.45959797385885,2.217358692304312
95,1.0511276721954346,0.043563995382721,0.01550898551940918,0.003532946737082076,True,20,12,32,32,100,"{'bootstrap': True, 'max_depth': 20, 'max_features': 12, 'min_samples_leaf': 32, 'min_samples_split': 32, 'n_estimators': 100}",-79.18665725221061,-94.27061036271056,-96.89639000437327,-91.25588862306796,-101.36482042668169,-92.59487333380882,7.480591565048747,182,-88.93708842947578,-85.9270400050521,-84.50873658322217,-85.5301109706871,-82.14364522504047,-85.40932424269553,2.200157120777008
96,1.6668412685394287,0.06578575323940732,0.03330554962158203,0.0027549152510210687,True,30,6,4,4,100,"{'bootstrap': True, 'max_depth': 30, 'max_features': 6, 'min_samples_leaf': 4, 'min_samples_split': 4, 'n_estimators': 100}",-75.51886754947114,-91.32190563239234,-91.15862580296505,-87.65753354881241,-100.24714632579413,-89.18081577188701,7.999111053126307,15,-58.577494419797596,-56.23939457632492,-55.44398821592108,-56.52063196063358,-53.976422746285294,-56.15158638379249,1.500730937425123
97,1.7689292430877686,0.11372398272519767,0.033449649810791016,0.005530674813528877,True,30,6,4,8,100,"{'bootstrap': True, 'max_depth': 30, 'max_features': 6, 'min_samples_leaf': 4, 'min_samples_split': 8, 'n_estimators': 100}",-75.62625512907847,-90.63046494147436,-92.43816482217782,-88.16355638036072,-99.8694154252505,-89.34557133966838,7.894088636490542,35,-58.32148396076736,-56.26238550995097,-55.57296851505958,-56.23001553979601,-53.78858187764544,-56.03508708064387,1.4544835213468745
98,1.826068639755249,0.0490787542877556,0.025650167465209962,0.005155552495542064,True,30,6,4,16,100,"{'bootstrap': True, 'max_depth': 30, 'max_features': 6, 'min_samples_leaf': 4, 'min_samples_split': 16, 'n_estimators': 100}",-75.59982932573863,-90.46032704701676,-91.96390776353637,-88.10907930171496,-99.79289047298006,-89.18520678219735,7.843348712200057,16,-66.77399717426619,-64.73929973609468,-63.75125045281152,-64.98066441119273,-61.772668905797985,-64.40357613603263,1.6377935622389626
99,1.3697818279266358,0.13435981301756206,0.01740555763244629,0.0008765533218811966,True,30,6,4,32,100,"{'bootstrap': True, 'max_depth': 30, 'max_features': 6, 'min_samples_leaf': 4, 'min_samples_split': 32, 'n_estimators': 100}",-76.33196391517889,-91.63023008990636,-92.7697471569385,-87.08064305586745,-99.71539554880407,-89.50559595333905,7.730895662283643,49,-75.86099876408785,-73.3427463782963,-71.92269223508569,-73.39452972942766,-70.01466061643859,-72.90712554466722,1.9229226530711208
100,1.347045373916626,0.06722654874269335,0.020328378677368163,0.0013279295775059092,True,30,6,8,4,100,"{'bootstrap': True, 'max_depth': 30, 'max_features': 6, 'min_samples_leaf': 8, 'min_samples_split': 4, 'n_estimators': 100}",-75.89830218799062,-91.90056467614738,-92.3014695906805,-87.90923340589563,-100.32510641237039,-89.6669352546169,7.977358664382412,76,-72.4129900936643,-69.8334458499447,-68.77973910396018,-70.25654821208128,-66.49385088464653,-69.5553148288594,1.934397695846482
101,1.480215311050415,0.03916607729720692,0.019163799285888673,0.0023963859234118205,True,30,6,8,8,100,"{'bootstrap': True, 'max_depth': 30, 'max_features': 6, 'min_samples_leaf': 8, 'min_samples_split': 8, 'n_estimators': 100}",-76.11411491567239,-92.33637780797753,-92.61823889248674,-87.67311195101561,-100.58182332589635,-89.86473337860973,8.03031192835709,87,-72.41541392503919,-69.82707990748992,-68.98454548896459,-70.20050116480367,-66.88281499027845,-69.66207109531516,1.7933954962841856
102,1.37919340133667,0.12132519134215305,0.02058897018432617,0.003292588153726393,True,30,6,8,16,100,"{'bootstrap': True, 'max_depth': 30, 'max_features': 6, 'min_samples_leaf': 8, 'min_samples_split': 16, 'n_estimators': 100}",-75.55261525689946,-91.60043144078769,-92.52029768754606,-87.9780608047591,-99.82000166283048,-89.49428137056455,7.960931117050826,47,-72.64231365466692,-69.70533651588194,-68.83763197723283,-70.18463265251631,-66.54009398950822,-69.58200175796125,1.9774313441906604
103,1.1740430831909179,0.01886516963190579,0.01709599494934082,0.0016745170699579562,True,30,6,8,32,100,"{'bootstrap': True, 'max_depth': 30, 'max_features': 6, 'min_samples_leaf': 8, 'min_samples_split': 32, 'n_estimators': 100}",-76.57997503179348,-92.54500222531159,-93.25790618315479,-88.07579173120531,-100.2445634700389,-90.1406477283008,7.819754579375722,96,-78.3926889298682,-75.93573186379115,-74.9238434520105,-76.41087173568958,-72.42316310739228,-75.61725981775034,1.9553685651657566
104,1.1515985488891602,0.06951712016408666,0.018625497817993164,0.00403297957044759,True,30,6,16,4,100,"{'bootstrap': True, 'max_depth': 30, 'max_features': 6, 'min_samples_leaf': 16, 'min_samples_split': 4, 'n_estimators': 100}",-76.47059543029907,-93.04531926754757,-94.15230924038357,-88.91216212474481,-99.89301096356911,-90.49467940530882,7.840815621830047,135,-82.13064126639576,-79.0368970261895,-77.67294513426857,-79.45336721212702,-75.53758625356356,-78.76628737850889,2.167214506198484
105,1.1575103759765626,0.040435654258890376,0.019299793243408202,0.004192363698972476,True,30,6,16,8,100,"{'bootstrap': True, 'max_depth': 30, 'max_features': 6, 'min_samples_leaf': 16, 'min_samples_split': 8, 'n_estimators': 100}",-76.89462070745827,-92.28090534110363,-94.27418260572374,-88.63281741280825,-100.10943290166192,-90.43839179375117,7.724390170354045,124,-81.87826304744799,-78.96187469965768,-78.0010139678158,-79.34299348570528,-75.48428781787771,-78.73368660370089,2.0691586384251637
106,1.1853420734405518,0.020770227713651685,0.016625118255615235,0.0011881419455020716,True,30,6,16,16,100,"{'bootstrap': True, 'max_depth': 30, 'max_features': 6, 'min_samples_leaf': 16, 'min_samples_split': 16, 'n_estimators': 100}",-76.5980378748359,-93.61332058471365,-94.62343970271634,-88.74409108868338,-99.67788012225215,-90.65135387464028,7.837885309712888,144,-81.83023955859298,-79.15924210083361,-77.99848933271859,-79.45505605148567,-75.54542661546755,-78.79769073181967,2.048177028556681
107,1.1574056148529053,0.03065389002630904,0.017691373825073242,0.0023057979501580027,True,30,6,16,32,100,"{'bootstrap': True, 'max_depth': 30, 'max_features': 6, 'min_samples_leaf': 16, 'min_samples_split': 32, 'n_estimators': 100}",-76.30057596228167,-93.04852737204074,-94.03213143709789,-88.2135951932625,-100.20305215280764,-90.35957642349808,7.998410609291056,110,-81.93979532276404,-79.04322740904159,-77.89748890687436,-79.45052481226587,-75.50244571753052,-78.76669643369527,2.0987377946822305
108,1.0137806415557862,0.05229911198605489,0.016214370727539062,0.0016456356934305195,True,30,6,32,4,100,"{'bootstrap': True, 'max_depth': 30, 'max_features': 6, 'min_samples_leaf': 32, 'min_samples_split': 4, 'n_estimators': 100}",-79.43723467899672,-94.19297262171524,-96.33728930844312,-91.35629723811061,-101.2226054030485,-92.50927985006285,7.288597311045983,166,-88.86413301511192,-85.9319506846637,-84.36586613891637,-85.83601043005264,-82.33869731497548,-85.46733151674403,2.1397024783207637
109,1.0214237689971923,0.08341082090335983,0.01546320915222168,0.0018912924071028425,True,30,6,32,8,100,"{'bootstrap': True, 'max_depth': 30, 'max_features': 6, 'min_samples_leaf': 32, 'min_samples_split': 8, 'n_estimators': 100}",-79.21178064500367,-94.47878755306205,-96.35111384289416,-91.51271960671683,-101.3129110756783,-92.573462544671,7.401872629450068,177,-88.76478931998513,-85.8835218708915,-84.23129661252294,-85.79196853999834,-82.0986908484164,-85.35405343836285,2.189209637904212
110,0.9709657192230224,0.01477740985060656,0.016387081146240233,0.004194938931333989,True,30,6,32,16,100,"{'bootstrap': True, 'max_depth': 30, 'max_features': 6, 'min_samples_leaf': 32, 'min_samples_split': 16, 'n_estimators': 100}",-79.61763762024522,-94.26305888283264,-96.16177232766668,-91.37457086890831,-101.0448816177901,-92.49238426348859,7.1659405004683885,161,-88.72785258567595,-85.79787125828923,-84.3943484226492,-85.72486629648807,-82.21363009370467,-85.37171373136144,2.121260483324094
111,1.0099565982818604,0.03342608536573718,0.018179655075073242,0.0040960271339041164,True,30,6,32,32,100,"{'bootstrap': True, 'max_depth': 30, 'max_features': 6, 'min_samples_leaf': 32, 'min_samples_split': 32, 'n_estimators': 100}",-79.32691060507354,-93.7774987498443,-96.58613636727304,-91.24936450608729,-101.3009312414768,-92.448168293951,7.360242453908786,155,-88.84765640136484,-85.82036949559867,-84.45698315173908,-85.61616731140067,-82.33272633197997,-85.41478053841665,2.116890629686553
112,1.6434102058410645,0.05522812921366812,0.024720382690429688,0.00487134822659804,True,30,9,4,4,100,"{'bootstrap': True, 'max_depth': 30, 'max_features': 9, 'min_samples_leaf': 4, 'min_samples_split': 4, 'n_estimators': 100}",-75.9903747771472,-91.43419730510615,-92.42315969342214,-88.45160747125041,-99.97720960547146,-89.65530977047948,7.8172424531615725,75,-58.16899559119693,-56.43214326003951,-55.47694584017644,-56.57604408277679,-53.73841129355876,-56.07850801354969,1.454693647981261
113,1.62228102684021,0.07604434052800266,0.023966550827026367,0.0025817561945645326,True,30,9,4,8,100,"{'bootstrap': True, 'max_depth': 30, 'max_features': 9, 'min_samples_leaf': 4, 'min_samples_split': 8, 'n_estimators': 100}",-74.9956427468875,-91.06167392047837,-92.00989112019325,-87.87101793096602,-99.62796592202972,-89.11323832811097,8.044825809672474,10,-58.3928960918347,-56.40371994624456,-55.50537599849742,-56.42114182912063,-53.96686644679366,-56.13800006249819,1.4387054461102797
114,1.4468384742736817,0.05671039566816457,0.021243524551391602,0.003360021662965224,True,30,9,4,16,100,"{'bootstrap': True, 'max_depth': 30, 'max_features': 9, 'min_samples_leaf': 4, 'min_samples_split': 16, 'n_estimators': 100}",-75.25747066433283,-91.7846566691614,-91.5879887312214,-87.67832392853892,-100.09390363658206,-89.28046872596732,8.09613886966027,26,-66.85358784581166,-64.69133270384185,-63.64744967780722,-64.89458788315422,-61.66058087823211,-64.3495077977694,1.697503286318764
115,1.5297669887542724,0.06200673321090388,0.023222637176513673,0.006088588554011638,True,30,9,4,32,100,"{'bootstrap': True, 'max_depth': 30, 'max_features': 9, 'min_samples_leaf': 4, 'min_samples_split': 32, 'n_estimators': 100}",-75.72005423615205,-91.74811211580433,-92.53116600394043,-87.97507342059136,-99.76070770140052,-89.54702269557774,7.895889419437576,55,-75.77381318791855,-73.28260404583764,-72.19770659954041,-73.4615996719068,-70.18728401560197,-72.98060150416107,1.8187986862984165
116,1.5167088985443116,0.15150220043917928,0.02476792335510254,0.006496495728076177,True,30,9,8,4,100,"{'bootstrap': True, 'max_depth': 30, 'max_features': 9, 'min_samples_leaf': 8, 'min_samples_split': 4, 'n_estimators': 100}",-75.78169278992773,-91.26330735579768,-92.32521365094898,-87.87297789149191,-99.19213280203178,-89.28706489803962,7.689485940165305,30,-72.47030760599428,-69.81997952458536,-69.11779072092259,-70.1680085546041,-66.63880032304631,-69.64297734583053,1.876256086823686
117,1.2533117294311524,0.042281053286517704,0.017754030227661134,0.0006352355361340992,True,30,9,8,8,100,"{'bootstrap': True, 'max_depth': 30, 'max_features': 9, 'min_samples_leaf': 8, 'min_samples_split': 8, 'n_estimators': 100}",-75.8551173896982,-92.02743332318057,-92.54030877359759,-87.56210602289669,-99.92029786028034,-89.58105267393067,7.92615178979755,63,-72.0766837127937,-69.96700713375452,-68.69642492901053,-70.32680773967103,-66.65387289207645,-69.54415928146123,1.8042964199715608
118,1.2426032066345214,0.03582552536400021,0.03120002746582031,0.027973011188652704,True,30,9,8,16,100,"{'bootstrap': True, 'max_depth': 30, 'max_features': 9, 'min_samples_leaf': 8, 'min_samples_split': 16, 'n_estimators': 100}",-76.15114353795107,-91.42437178089966,-92.43408935608076,-87.89989192486851,-99.86607012310195,-89.5551133445804,7.7524786254511975,57,-72.35473655388309,-69.89163305774801,-68.86142284620816,-70.04315150976669,-66.56686548012661,-69.54356188954651,1.8761386680345702
119,1.1076712608337402,0.014415977662642437,0.016637420654296874,0.0010775423584946067,True,30,9,8,32,100,"{'bootstrap': True, 'max_depth': 30, 'max_features': 9, 'min_samples_leaf': 8, 'min_samples_split': 32, 'n_estimators': 100}",-76.19115741867758,-92.64938960916197,-93.33565700424458,-87.34218616005468,-99.87420500912454,-89.87851904025266,7.916061106875869,89,-78.60522481143062,-76.04680273509979,-74.73290756825419,-76.31084995738587,-72.27991187562398,-75.59513938955888,2.074176117131357
120,1.0669564723968505,0.011105823890280033,0.016491222381591796,0.002154073962399107,True,30,9,16,4,100,"{'bootstrap': True, 'max_depth': 30, 'max_features': 9, 'min_samples_leaf': 16, 'min_samples_split': 4, 'n_estimators': 100}",-76.99655808905989,-92.98153462262643,-94.27277794266855,-88.63300105858828,-100.15583504242744,-90.60794135107412,7.738183115790911,142,-82.09483289482507,-78.86258728735149,-78.0076895320558,-79.29609801459051,-75.56953612951631,-78.76614877166784,2.105415749027089
121,1.033613634109497,0.036491790226150095,0.014792108535766601,0.0006694556738797834,True,30,9,16,8,100,"{'bootstrap': True, 'max_depth': 30, 'max_features': 9, 'min_samples_leaf': 16, 'min_samples_split': 8, 'n_estimators': 100}",-77.01689894629365,-92.78934473590681,-94.26479069355992,-88.24044782150726,-99.83461700818317,-90.42921984109016,7.6606052488418195,122,-81.95932384813139,-78.9618118280786,-77.90765054453627,-79.25896015806204,-75.693585315724,-78.75626633890644,2.0324709713821254
122,0.9647584915161133,0.011762769235024775,0.016047859191894533,0.0016929888022187165,True,30,9,16,16,100,"{'bootstrap': True, 'max_depth': 30, 'max_features': 9, 'min_samples_leaf': 16, 'min_samples_split': 16, 'n_estimators': 100}",-76.74354885927788,-92.53340313653587,-93.6148054088681,-88.69807475856007,-99.94846349020995,-90.30765913069038,7.686509102178928,105,-81.88602703028498,-79.16774531556264,-77.81469698188444,-79.4288685439528,-75.482661898946,-78.75599995412617,2.098578051365675
123,1.0665164947509767,0.04458865359941982,0.017108964920043945,0.001675736752473015,True,30,9,16,32,100,"{'bootstrap': True, 'max_depth': 30, 'max_features': 9, 'min_samples_leaf': 16, 'min_samples_split': 32, 'n_estimators': 100}",-76.80288291842372,-92.84320203330708,-93.72197782660496,-88.54615052222435,-100.0307247332389,-90.38898760675981,7.721054023846076,114,-81.81939855250579,-79.23462293101022,-77.91394616282791,-79.6151994646595,-75.70783813459806,-78.8582010491203,2.014935952919345
124,0.9671925067901611,0.06966190306343795,0.01668829917907715,0.003122284235824098,True,30,9,32,4,100,"{'bootstrap': True, 'max_depth': 30, 'max_features': 9, 'min_samples_leaf': 32, 'min_samples_split': 4, 'n_estimators': 100}",-79.50531197980615,-94.18082665890284,-96.38212900191824,-91.25127481275162,-101.47832412881135,-92.55957331643803,7.333619767101239,174,-89.05119055129822,-85.73517316901467,-84.34669907935799,-85.62728138674106,-82.2300090372715,-85.39807064473669,2.2205160321430997
125,1.0587073802947997,0.014112853554567518,0.016791343688964844,0.001924110603850949,True,30,9,32,8,100,"{'bootstrap': True, 'max_depth': 30, 'max_features': 9, 'min_samples_leaf': 32, 'min_samples_split': 8, 'n_estimators': 100}",-79.41562166242642,-94.57228134424831,-96.07995913914067,-91.52272997715593,-101.2467626127599,-92.56747094714623,7.290398687950901,175,-88.76766738855125,-85.54176380849104,-84.23387710981775,-85.8242433731231,-82.28405013052453,-85.33032036210152,2.1253692846821313
126,1.0310132026672363,0.024236292532010883,0.014654588699340821,0.0009787996565401161,True,30,9,32,16,100,"{'bootstrap': True, 'max_depth': 30, 'max_features': 9, 'min_samples_leaf': 32, 'min_samples_split': 16, 'n_estimators': 100}",-79.48468774478935,-94.21620458638888,-95.8607113296367,-91.80000268509804,-101.17829484414868,-92.50798023801234,7.203340490994175,165,-88.92621091333574,-85.82926838698671,-84.29396726676909,-86.00951728240456,-82.32089223411101,-85.47597121672142,2.1755597432858287
127,1.0147847175598144,0.08774011967646725,0.018170166015625,0.004414670545270881,True,30,9,32,32,100,"{'bootstrap': True, 'max_depth': 30, 'max_features': 9, 'min_samples_leaf': 32, 'min_samples_split': 32, 'n_estimators': 100}",-78.87882080063997,-94.33769148200642,-96.63067202173016,-91.66973124015207,-101.19119795591344,-92.54162270008842,7.5125719962188935,171,-88.53210235821145,-85.84251933453994,-84.47560311519871,-85.58692433276948,-82.15097660123203,-85.31762514839033,2.069664891494283
128,1.60517258644104,0.06667416183976115,0.025283241271972658,0.0024454811555833155,True,30,12,4,4,100,"{'bootstrap': True, 'max_depth': 30, 'max_features': 12, 'min_samples_leaf': 4, 'min_samples_split': 4, 'n_estimators': 100}",-75.4164366925917,-90.59439567593053,-92.63693840922839,-87.5200326011007,-99.72522995389994,-89.17860666655025,7.966730446669726,14,-58.52337212765615,-56.41169466293115,-55.08129347668405,-56.24586784059864,-54.03884648630666,-56.060214918835335,1.501290510405088
129,1.589492416381836,0.020157431734524944,0.024093008041381835,0.0038404243548883403,True,30,12,4,8,100,"{'bootstrap': True, 'max_depth': 30, 'max_features': 12, 'min_samples_leaf': 4, 'min_samples_split': 8, 'n_estimators': 100}",-75.53116414825732,-91.19056170995682,-91.74496506000006,-87.78145518582058,-100.18041556966637,-89.28571233474023,7.997766176507378,29,-58.4206400368196,-56.74086288695718,-55.66238695222436,-56.61100074222971,-53.79209170792817,-56.245396465231806,1.5145588389109448
130,1.514563512802124,0.02751459765012755,0.02189216613769531,0.0021869416917976456,True,30,12,4,16,100,"{'bootstrap': True, 'max_depth': 30, 'max_features': 12, 'min_samples_leaf': 4, 'min_samples_split': 16, 'n_estimators': 100}",-75.49893836685115,-90.72051977479967,-91.63518185174841,-87.9042743974054,-99.63528213942581,-89.07883930604609,7.82894372836881,7,-67.17122346235527,-64.65738920464769,-63.94237290987827,-64.91904875135275,-61.65903705494454,-64.4698142766357,1.7727532564306796
131,1.365208339691162,0.053449982020781356,0.022144269943237305,0.004503348647647036,True,30,12,4,32,100,"{'bootstrap': True, 'max_depth': 30, 'max_features': 12, 'min_samples_leaf': 4, 'min_samples_split': 32, 'n_estimators': 100}",-75.89692565595499,-92.08280113018374,-92.21164444861087,-88.03801340365789,-99.93585917105266,-89.63304876189201,7.874307086774036,72,-75.74724981024767,-73.21966469663467,-71.99769008067736,-73.20301133724958,-69.95957893157878,-72.82543897127762,1.8832565085953865
132,1.3779182434082031,0.031803719296972434,0.02056117057800293,0.001989370358176302,True,30,12,8,4,100,"{'bootstrap': True, 'max_depth': 30, 'max_features': 12, 'min_samples_leaf': 8, 'min_samples_split': 4, 'n_estimators': 100}",-75.96324779949438,-91.83301552588809,-92.39149378180112,-87.93310383955165,-100.44669967745152,-89.71351212483735,7.988802390105857,78,-72.18023418833,-70.06439791746797,-68.6532244241127,-70.07457403177659,-66.76125876055845,-69.54673786444914,1.79104136994085
133,1.381358814239502,0.09476417425281823,0.027030467987060547,0.004592157635614026,True,30,12,8,8,100,"{'bootstrap': True, 'max_depth': 30, 'max_features': 12, 'min_samples_leaf': 8, 'min_samples_split': 8, 'n_estimators': 100}",-76.05571402464896,-91.84000627426938,-92.33115593630069,-88.20504602431164,-99.50892445963804,-89.58816934383374,7.694887967452452,66,-72.29511750247731,-69.89478515996736,-68.92491503953168,-70.34508664722505,-66.6558278311819,-69.62314643607667,1.8453683334525894
134,1.6725029468536377,0.15757909390225203,0.024673843383789064,0.0033356144728388993,True,30,12,8,16,100,"{'bootstrap': True, 'max_depth': 30, 'max_features': 12, 'min_samples_leaf': 8, 'min_samples_split': 16, 'n_estimators': 100}",-76.10739808899986,-91.7850547954163,-92.27059459034652,-88.21015827956867,-99.86946487684678,-89.64853412623563,7.763229190372758,74,-72.34557304795467,-69.85428646566584,-68.96949180054857,-70.19644723122691,-66.40243133773141,-69.55364597662548,1.9271650022764921
135,1.5299343585968017,0.040068473596416555,0.021921777725219728,0.005113286518578024,True,30,12,8,32,100,"{'bootstrap': True, 'max_depth': 30, 'max_features': 12, 'min_samples_leaf': 8, 'min_samples_split': 32, 'n_estimators': 100}",-76.27532212644066,-91.955320331307,-93.74637316620093,-88.01973214429172,-99.61106310140536,-89.92156217392912,7.778028085423397,92,-78.74481610823653,-75.8909969335432,-74.5621224893463,-76.20288560580514,-72.35334496531448,-75.55083322044912,2.094941068572342
136,1.2638987064361573,0.0653892373532604,0.016208600997924805,0.00124642751715724,True,30,12,16,4,100,"{'bootstrap': True, 'max_depth': 30, 'max_features': 12, 'min_samples_leaf': 16, 'min_samples_split': 4, 'n_estimators': 100}",-77.21000664453665,-92.51199608392382,-93.77375139900577,-88.27777352748019,-99.97404653859604,-90.34951483870849,7.562699508036584,109,-81.90640068967394,-79.00686039409342,-78.05780971093905,-79.33349563448631,-75.42445372657377,-78.74580403115331,2.093208404029044
137,1.1951385021209717,0.045524694015524336,0.01811990737915039,0.0035577001546907927,True,30,12,16,8,100,"{'bootstrap': True, 'max_depth': 30, 'max_features': 12, 'min_samples_leaf': 16, 'min_samples_split': 8, 'n_estimators': 100}",-76.75598865675488,-92.76449137259391,-94.35772875343254,-88.05589078298367,-99.96528203279387,-90.37987631971177,7.802575542051068,113,-81.86102008770082,-79.18491640177575,-78.0308062757546,-79.45135219174058,-75.49010215638626,-78.80363942267161,2.0731271444337276
138,1.1966444969177246,0.011089408886783416,0.022713613510131837,0.005064657479799325,True,30,12,16,16,100,"{'bootstrap': True, 'max_depth': 30, 'max_features': 12, 'min_samples_leaf': 16, 'min_samples_split': 16, 'n_estimators': 100}",-77.01570291843876,-92.7050968063467,-93.85370206759069,-88.49010770254942,-100.1308400287396,-90.43908990473304,7.677372386113889,125,-82.08655214415948,-78.98765088352874,-77.9394703433334,-79.28892155365946,-75.68271305842518,-78.79706159662126,2.0752651941881917
139,1.2287183284759522,0.028480897941411377,0.018419647216796876,0.0024646541416708345,True,30,12,16,32,100,"{'bootstrap': True, 'max_depth': 30, 'max_features': 12, 'min_samples_leaf': 16, 'min_samples_split': 32, 'n_estimators': 100}",-76.49719900444046,-92.41256995343933,-93.8246219660565,-88.38010105364697,-100.0123411400756,-90.22536662353177,7.815253787508111,99,-81.92112311795364,-79.05200931848398,-77.96436401913932,-79.15578247205399,-75.66101385820896,-78.75085855716797,2.023410312580984
140,1.0759178161621095,0.07414611428301773,0.017427396774291993,0.0026410725240860536,True,30,12,32,4,100,"{'bootstrap': True, 'max_depth': 30, 'max_features': 12, 'min_samples_leaf': 32, 'min_samples_split': 4, 'n_estimators': 100}",-79.2709583434338,-94.27427985809699,-96.4817905781158,-91.11593111504551,-101.55675736649474,-92.53994345223737,7.455773489732059,170,-88.85056953108129,-85.9252904462161,-84.49225416543585,-85.64118766028255,-82.25214909568056,-85.43229017973927,2.143281883777321
141,1.2966782093048095,0.09185899889653153,0.01859393119812012,0.002385260943225295,True,30,12,32,8,100,"{'bootstrap': True, 'max_depth': 30, 'max_features': 12, 'min_samples_leaf': 32, 'min_samples_split': 8, 'n_estimators': 100}",-79.58430790448972,-94.26422450105544,-96.21802339166732,-92.00237151665448,-101.17315781488541,-92.64841702575048,7.198783937010722,188,-88.80175832981033,-85.83669344439772,-84.35276699195693,-85.92693433590863,-82.31460301889716,-85.44655122419417,2.128185006757493
142,1.284689998626709,0.11171746177524075,0.022971248626708983,0.011984993381257256,True,30,12,32,16,100,"{'bootstrap': True, 'max_depth': 30, 'max_features': 12, 'min_samples_leaf': 32, 'min_samples_split': 16, 'n_estimators': 100}",-79.64827012074797,-94.36346369837105,-96.56849270779568,-91.1818514563403,-101.28656462886156,-92.6097285224233,7.267367096479165,183,-88.91128275897587,-85.98406777827506,-84.39006690114373,-85.63227234527587,-82.37461916221191,-85.45846178917648,2.1391585915650353
143,1.2401137828826905,0.031272959194835026,0.021494102478027344,0.004201827732245877,True,30,12,32,32,100,"{'bootstrap': True, 'max_depth': 30, 'max_features': 12, 'min_samples_leaf': 32, 'min_samples_split': 32, 'n_estimators': 100}",-79.27892075005485,-93.825521820798,-96.38866229226325,-91.17738632728582,-101.4331016397371,-92.42071856602782,7.391803882115281,151,-88.77510716521417,-85.75637843008676,-84.47363164807157,-85.64717327056934,-82.25010899397581,-85.38047990158353,2.114592872865637
144,1.8323670864105224,0.03391966196949568,0.028806066513061522,0.005208882573301738,True,40,6,4,4,100,"{'bootstrap': True, 'max_depth': 40, 'max_features': 6, 'min_samples_leaf': 4, 'min_samples_split': 4, 'n_estimators': 100}",-75.77941889095057,-91.21303611978205,-91.68623839523553,-88.44771377628697,-100.23639824198072,-89.47256108484717,7.903698704722787,44,-58.19595059160352,-56.53161799975239,-55.577202491045085,-56.52029228818121,-53.931814891802766,-56.151375652477,1.3940656511153648
145,1.861508846282959,0.08912051527989046,0.0291839599609375,0.00198293956348273,True,40,6,4,8,100,"{'bootstrap': True, 'max_depth': 40, 'max_features': 6, 'min_samples_leaf': 4, 'min_samples_split': 8, 'n_estimators': 100}",-75.25274359785011,-91.12395843090411,-91.7446568335717,-88.1319516159629,-99.69186292678772,-89.18903468101531,7.948863685154574,17,-58.424004509237776,-56.18935931833112,-55.010460882902784,-56.58384175958123,-53.816468973642145,-56.00482708873901,1.5491549254919124
146,1.6609519958496093,0.024588611981290035,0.025015640258789062,0.0034413774020333717,True,40,6,4,16,100,"{'bootstrap': True, 'max_depth': 40, 'max_features': 6, 'min_samples_leaf': 4, 'min_samples_split': 16, 'n_estimators': 100}",-75.07917528059325,-90.70134543574582,-92.45178689410703,-87.9651280688593,-99.54709376984972,-89.14890588983103,8.00999440706724,12,-67.10023827748793,-64.7065163009179,-64.01796919511985,-64.86120372943213,-61.48429586531032,-64.43404467365363,1.8021892695210704
147,1.4636309623718262,0.014596908875980813,0.02566218376159668,0.003739191791408923,True,40,6,4,32,100,"{'bootstrap': True, 'max_depth': 40, 'max_features': 6, 'min_samples_leaf': 4, 'min_samples_split': 32, 'n_estimators': 100}",-76.25278174719968,-91.50561746346159,-92.2178507833014,-87.53304771329624,-100.2004956254536,-89.5419586665425,7.813561428790213,54,-75.56883467291443,-73.48275980332167,-72.08138052904879,-73.508764412044,-70.12621229319913,-72.9535903421056,1.799030742698644
148,1.511836004257202,0.04592858217020072,0.023793983459472656,0.002900049166459693,True,40,6,8,4,100,"{'bootstrap': True, 'max_depth': 40, 'max_features': 6, 'min_samples_leaf': 8, 'min_samples_split': 4, 'n_estimators': 100}",-75.81738099222541,-92.2114690715989,-92.27389197482273,-87.90881451453411,-99.63705488571682,-89.56972228777958,7.8425512576490615,61,-72.39582297741264,-70.01045904492761,-68.85025137709161,-70.47258760529937,-66.52793313746469,-69.65141082843918,1.9356143374417336
149,1.452103614807129,0.04217886491802951,0.019847774505615236,0.0013720646041104627,True,40,6,8,8,100,"{'bootstrap': True, 'max_depth': 40, 'max_features': 6, 'min_samples_leaf': 8, 'min_samples_split': 8, 'n_estimators': 100}",-76.0895714971031,-92.12435828513468,-92.34284426083018,-88.11239965387509,-100.45990770720563,-89.82581628082974,7.953902727066287,85,-72.43298418747054,-70.21745466335322,-68.59131964776927,-70.29794900015817,-66.76386370136022,-69.66071424002229,1.894035719689973
150,1.358010196685791,0.03579792281315603,0.018457412719726562,0.0015751262467643362,True,40,6,8,16,100,"{'bootstrap': True, 'max_depth': 40, 'max_features': 6, 'min_samples_leaf': 8, 'min_samples_split': 16, 'n_estimators': 100}",-75.36740997635138,-91.85144874672632,-92.86245600232319,-88.08805920460912,-99.82252327837838,-89.59837944167768,8.063066332633026,67,-72.26158370481629,-69.87967562954857,-68.74589359518635,-70.16036285700615,-66.56118301376954,-69.52173976006539,1.8659869189140885
151,1.2234016418457032,0.020374211257878253,0.023635196685791015,0.005402067695634116,True,40,6,8,32,100,"{'bootstrap': True, 'max_depth': 40, 'max_features': 6, 'min_samples_leaf': 8, 'min_samples_split': 32, 'n_estimators': 100}",-76.07790751525977,-92.04580452225169,-93.38080543677799,-87.9868541019778,-100.02039860288393,-89.90235403583021,7.922793593096846,91,-78.71331498563738,-75.91374975435416,-74.84814184440921,-76.31246933949275,-72.28795198545384,-75.61512558186948,2.089621520205125
152,1.2982292652130127,0.036490080933380444,0.024338293075561523,0.006178866868245609,True,40,6,16,4,100,"{'bootstrap': True, 'max_depth': 40, 'max_features': 6, 'min_samples_leaf': 16, 'min_samples_split': 4, 'n_estimators': 100}",-76.71429696145869,-93.07641083507255,-94.22502536468056,-88.29602298363008,-99.97948985962024,-90.45824920089242,7.813691087656835,129,-82.09945736546233,-79.23724350818082,-77.89162257944567,-79.30504158836133,-75.49074131399986,-78.80482127109,2.1498322801414114
153,1.3491857051849365,0.04912061351973028,0.020335626602172852,0.0021421523289712665,True,40,6,16,8,100,"{'bootstrap': True, 'max_depth': 40, 'max_features': 6, 'min_samples_leaf': 16, 'min_samples_split': 8, 'n_estimators': 100}",-76.82007718076957,-92.44781282767963,-94.08711320260497,-88.63686353269706,-100.29776262840112,-90.45792587443047,7.787942258878823,128,-81.78311087264514,-78.8624617073054,-77.87319419085267,-79.38137521748594,-75.67700292482901,-78.71542898262364,1.990837388707344
154,1.346412992477417,0.03843182567862674,0.01914219856262207,0.00022077135077842655,True,40,6,16,16,100,"{'bootstrap': True, 'max_depth': 40, 'max_features': 6, 'min_samples_leaf': 16, 'min_samples_split': 16, 'n_estimators': 100}",-76.85402003587414,-92.93329898314072,-93.88898176106619,-88.90110514772662,-99.903380085837,-90.49615720272894,7.675921553160963,136,-81.9496802266317,-79.06352788434103,-77.89840219202993,-79.39777447328667,-75.57716580722854,-78.77731011670357,2.0757760709761737
155,1.2581600189208983,0.07296680212618294,0.018795585632324217,0.003908527294738949,True,40,6,16,32,100,"{'bootstrap': True, 'max_depth': 40, 'max_features': 6, 'min_samples_leaf': 16, 'min_samples_split': 32, 'n_estimators': 100}",-76.6050995115826,-92.86130046093994,-93.75864358218453,-87.93549318181037,-100.20493832052263,-90.27309501140802,7.87105902788208,103,-82.06305031918683,-79.17453705119247,-77.99443708341288,-79.3994745506906,-75.49710477654982,-78.82572075620651,2.1308160787997688
156,1.0154510498046876,0.02067781664122446,0.016252994537353516,0.003983690424644351,True,40,6,32,4,100,"{'bootstrap': True, 'max_depth': 40, 'max_features': 6, 'min_samples_leaf': 32, 'min_samples_split': 4, 'n_estimators': 100}",-79.44792006282431,-94.46711453090359,-96.28985656464033,-91.023389222564,-101.32626469491123,-92.51090901516869,7.330376195861717,167,-88.89237597629507,-85.69412892454427,-84.40533840343574,-85.76495038453015,-82.12868107561961,-85.37709495288497,2.1956614747268106
157,0.9597243785858154,0.007331835729574098,0.01666703224182129,0.005679104835762705,True,40,6,32,8,100,"{'bootstrap': True, 'max_depth': 40, 'max_features': 6, 'min_samples_leaf': 32, 'min_samples_split': 8, 'n_estimators': 100}",-79.79912120582105,-93.92345334062027,-96.67450105750358,-91.3962411941475,-101.42478775583834,-92.64362091078615,7.232316168346481,187,-88.85737018652473,-85.83411630170504,-84.32565387596712,-85.6860052255441,-82.16102933207839,-85.37283498436388,2.184725403826447
158,1.06943941116333,0.0837061644601398,0.01717839241027832,0.002977229740586517,True,40,6,32,16,100,"{'bootstrap': True, 'max_depth': 40, 'max_features': 6, 'min_samples_leaf': 32, 'min_samples_split': 16, 'n_estimators': 100}",-79.69466418161679,-94.22282585222868,-96.5559242025816,-91.15114482907342,-101.64175432832366,-92.65326267876483,7.33033301704379,189,-88.91703874870939,-85.66072549021469,-84.48241850790987,-85.59348274565372,-82.3548217625497,-85.40169745100748,2.125560010905564
159,1.082687759399414,0.04990651067482015,0.018027400970458983,0.003589977899725021,True,40,6,32,32,100,"{'bootstrap': True, 'max_depth': 40, 'max_features': 6, 'min_samples_leaf': 32, 'min_samples_split': 32, 'n_estimators': 100}",-79.39015785351603,-94.26857741109966,-96.4204126405532,-91.1910124616907,-101.0396062293052,-92.46195331923296,7.280062466963302,156,-88.77705208958037,-86.01102946168025,-84.37592538346816,-85.60010012470454,-82.17832370447844,-85.38848615278235,2.1561605695610297
160,1.6738094806671142,0.035183986778254156,0.02792840003967285,0.007546345831945157,True,40,9,4,4,100,"{'bootstrap': True, 'max_depth': 40, 'max_features': 9, 'min_samples_leaf': 4, 'min_samples_split': 4, 'n_estimators': 100}",-75.72155052930134,-91.09091575704733,-91.84894233525073,-88.13110963213796,-100.67735603806149,-89.49397485835976,8.058550492316927,46,-58.35433770131965,-56.488878388883556,-55.44930661162334,-56.310730678523754,-53.8596058655564,-56.09257184918134,1.4642516291953644
161,1.7401212215423585,0.1004114151685511,0.027368688583374025,0.0065539509935985995,True,40,9,4,8,100,"{'bootstrap': True, 'max_depth': 40, 'max_features': 9, 'min_samples_leaf': 4, 'min_samples_split': 8, 'n_estimators': 100}",-75.64315869979951,-91.22931875188449,-91.62219909211684,-87.79217575523673,-99.13637642916167,-89.08464574563985,7.673592922530767,8,-58.31306136638584,-56.65169455957823,-55.52223074271292,-56.65229785735398,-53.80576532022805,-56.1890099692518,1.487599181842939
162,1.6775067806243897,0.07140961770599354,0.02031393051147461,0.0013029369595186598,True,40,9,4,16,100,"{'bootstrap': True, 'max_depth': 40, 'max_features': 9, 'min_samples_leaf': 4, 'min_samples_split': 16, 'n_estimators': 100}",-75.36675352530158,-91.89177066258056,-91.58142582919017,-87.72745423486546,-99.68466865280143,-89.25041458094783,7.954363405693907,21,-67.03512138912949,-64.7418966692122,-63.685125473707636,-64.98537643105969,-61.663454163063044,-64.42219482523441,1.7550321529002866
163,1.3461302280426026,0.04415451222704726,0.02454538345336914,0.00807347264365642,True,40,9,4,32,100,"{'bootstrap': True, 'max_depth': 40, 'max_features': 9, 'min_samples_leaf': 4, 'min_samples_split': 32, 'n_estimators': 100}",-75.79480397810617,-91.60157582211066,-92.60540100177816,-88.02431823264624,-99.57738087207436,-89.52069598134311,7.818204840212245,51,-76.00925197146225,-73.22066438366404,-72.24307177129143,-73.33840811359372,-70.025230924845,-72.9673254329713,1.9305783333796716
164,1.506588840484619,0.062429343370115735,0.025951337814331055,0.006193992995681212,True,40,9,8,4,100,"{'bootstrap': True, 'max_depth': 40, 'max_features': 9, 'min_samples_leaf': 8, 'min_samples_split': 4, 'n_estimators': 100}",-75.88677874552754,-91.50087625027115,-92.98456780022347,-87.60544760957804,-99.92724339310733,-89.58098275974152,7.921482865584594,62,-72.38263393543562,-70.0329861497268,-68.97560656637158,-70.10522446498607,-66.58375454015595,-69.61604113133521,1.8800051930262949
165,1.498402738571167,0.042513706080811835,0.02023448944091797,0.001507950379460565,True,40,9,8,8,100,"{'bootstrap': True, 'max_depth': 40, 'max_features': 9, 'min_samples_leaf': 8, 'min_samples_split': 8, 'n_estimators': 100}",-76.14719869322934,-92.24168590873892,-92.8220883182408,-87.70349870608119,-99.72091008833173,-89.72707634292439,7.801115519715107,80,-72.44468897297632,-69.82905095768834,-68.59221154126065,-70.16799634740615,-66.61632360062815,-69.53005428399192,1.9162901639707457
166,1.5178891658782958,0.06541176004233706,0.02106895446777344,0.003798299287350125,True,40,9,8,16,100,"{'bootstrap': True, 'max_depth': 40, 'max_features': 9, 'min_samples_leaf': 8, 'min_samples_split': 16, 'n_estimators': 100}",-75.84686910161881,-91.48296214929012,-92.34392192168905,-88.0267435695827,-99.72249558709709,-89.48459846585556,7.811488060699157,45,-72.48482998662068,-70.02584982378116,-68.70780759641704,-70.2217582563786,-66.61672452889805,-69.61139403841909,1.9279764601481797
167,1.2982503414154052,0.03737134686971488,0.020723676681518553,0.0027022266446671325,True,40,9,8,32,100,"{'bootstrap': True, 'max_depth': 40, 'max_features': 9, 'min_samples_leaf': 8, 'min_samples_split': 32, 'n_estimators': 100}",-76.14209834633856,-92.7046119755874,-93.1983790951916,-87.75970415880575,-99.84016905841123,-89.92899252686689,7.891877283201816,93,-78.54101287108026,-76.0955010211477,-74.69133257794178,-76.2162244217168,-72.30316054524093,-75.56944628742549,2.04768013788013
168,1.3294759273529053,0.05200824200704129,0.026146125793457032,0.007455236770485866,True,40,9,16,4,100,"{'bootstrap': True, 'max_depth': 40, 'max_features': 9, 'min_samples_leaf': 16, 'min_samples_split': 4, 'n_estimators': 100}",-76.51079043154007,-92.67981311219947,-93.47598757989209,-88.57364155536067,-99.86940287860756,-90.22192711151997,7.751335576949746,98,-82.05475244073217,-78.9076100812912,-77.90357251212606,-79.40281517804453,-75.51849397284411,-78.75744883700762,2.122790171394468
169,1.4833509922027588,0.1654230986311314,0.02551922798156738,0.0039042678073656807,True,40,9,16,8,100,"{'bootstrap': True, 'max_depth': 40, 'max_features': 9, 'min_samples_leaf': 16, 'min_samples_split': 8, 'n_estimators': 100}",-76.86947499379625,-92.59352633245032,-94.16412929484513,-88.53074601809817,-99.90988627621302,-90.41355258308057,7.693977685642051,118,-82.04785834542672,-78.97515567357664,-77.8096423885083,-79.27517919981118,-75.42289229925048,-78.70614558131466,2.1515891789765407
170,1.733492136001587,0.039465187249530076,0.018856573104858398,0.002868195750893601,True,40,9,16,16,100,"{'bootstrap': True, 'max_depth': 40, 'max_features': 9, 'min_samples_leaf': 16, 'min_samples_split': 16, 'n_estimators': 100}",-77.29392620880142,-93.14325058720172,-93.9632609723842,-88.21626926660643,-100.2417099304606,-90.57168339309088,7.661226809014595,141,-82.07474377060242,-78.98516942381546,-77.88660127011629,-79.34608640892641,-75.66163214881608,-78.79084660445533,2.0851703014611362
171,1.4619269371032715,0.05653200155581251,0.02600994110107422,0.013612059257559015,True,40,9,16,32,100,"{'bootstrap': True, 'max_depth': 40, 'max_features': 9, 'min_samples_leaf': 16, 'min_samples_split': 32, 'n_estimators': 100}",-76.53856369947233,-93.09797508841578,-93.92968854321524,-88.49139005217361,-100.05113512319225,-90.42175050129386,7.856997171705326,120,-81.95920602911441,-79.06861383956459,-77.95693134976986,-79.50842846927924,-75.60105947222809,-78.81884783199123,2.073490586940412
172,1.1678937911987304,0.03795699306124785,0.01491999626159668,0.001343904171210059,True,40,9,32,4,100,"{'bootstrap': True, 'max_depth': 40, 'max_features': 9, 'min_samples_leaf': 32, 'min_samples_split': 4, 'n_estimators': 100}",-79.59979624379511,-94.53301003591366,-96.67785293415668,-90.97836794713612,-101.15675099765936,-92.58915563173218,7.283100990698963,180,-88.86523242808227,-85.72681888736602,-84.38326684670673,-85.73461506018668,-82.06897478568938,-85.35578160160621,2.2066405486110354
173,1.0975190162658692,0.024503984634293496,0.017625093460083008,0.0029589418084265038,True,40,9,32,8,100,"{'bootstrap': True, 'max_depth': 40, 'max_features': 9, 'min_samples_leaf': 32, 'min_samples_split': 8, 'n_estimators': 100}",-79.63546218006958,-94.26040228354776,-96.82738542455148,-91.24585299014392,-101.16536000142325,-92.62689257594721,7.265018295646684,186,-88.88789510120472,-85.88482227309741,-84.54958957675392,-85.74872155500034,-82.16607640825426,-85.44742098286214,2.176799831567354
174,1.0434568881988526,0.06940026405198564,0.015822696685791015,0.004394797052807098,True,40,9,32,16,100,"{'bootstrap': True, 'max_depth': 40, 'max_features': 9, 'min_samples_leaf': 32, 'min_samples_split': 16, 'n_estimators': 100}",-79.49708680839339,-94.74661965324094,-96.00732218920326,-91.07390947329478,-101.13895884266428,-92.49277939335933,7.253818906803059,162,-88.89467728323142,-85.82300487287588,-84.30038145710353,-85.72113788403432,-82.28459391440263,-85.40475908232955,2.1637760859529003
175,1.0221978664398192,0.02016985655566478,0.01663203239440918,0.0018030131505041966,True,40,9,32,32,100,"{'bootstrap': True, 'max_depth': 40, 'max_features': 9, 'min_samples_leaf': 32, 'min_samples_split': 32, 'n_estimators': 100}",-78.93968021210416,-94.39843111595594,-96.41963495772265,-91.46659418704434,-100.86848190204553,-92.41856447497453,7.401568885706109,149,-88.8278061846269,-85.82623677656167,-84.39929394393576,-85.79495734342287,-81.96992670873314,-85.36364419145607,2.2292479001768832
176,1.7240347385406494,0.04438767202361674,0.026032543182373045,0.004423347005617474,True,40,12,4,4,100,"{'bootstrap': True, 'max_depth': 40, 'max_features': 12, 'min_samples_leaf': 4, 'min_samples_split': 4, 'n_estimators': 100}",-75.63330253900416,-91.3812850988847,-91.88254741227168,-87.94121676215237,-100.37026655957389,-89.44172367437736,8.025915323225648,42,-58.33436624284661,-56.53590908145388,-55.48999250317227,-56.78756938123881,-53.77186697759056,-56.18394083726042,1.5107774875144921
177,1.7598616123199462,0.07346519143380954,0.02619004249572754,0.0020050780071698554,True,40,12,4,8,100,"{'bootstrap': True, 'max_depth': 40, 'max_features': 12, 'min_samples_leaf': 4, 'min_samples_split': 8, 'n_estimators': 100}",-75.16297352858236,-91.62989193440843,-91.95038796043619,-88.15857285304747,-99.52104068417655,-89.2845733921302,7.975961495878105,28,-58.71722988918685,-56.63770021650074,-55.27656358593068,-56.36234365187723,-53.55952594552173,-56.11067265780345,1.6934771583182266
178,1.703219223022461,0.027157030501125296,0.028600645065307618,0.004808130415977215,True,40,12,4,16,100,"{'bootstrap': True, 'max_depth': 40, 'max_features': 12, 'min_samples_leaf': 4, 'min_samples_split': 16, 'n_estimators': 100}",-75.4195665482075,-91.33983921559684,-92.02524220060091,-87.63802492672167,-99.96929037024488,-89.27839265227436,8.01059180895498,25,-67.06366367023108,-64.80448231030581,-63.483742712419364,-64.65167791621381,-61.672395382079515,-64.33519239824992,1.7652425387743045
179,1.367862844467163,0.10548476760987127,0.019663572311401367,0.002491523801500527,True,40,12,4,32,100,"{'bootstrap': True, 'max_depth': 40, 'max_features': 12, 'min_samples_leaf': 4, 'min_samples_split': 32, 'n_estimators': 100}",-75.7686160927765,-91.33143323322973,-92.20914773207255,-87.88435695456775,-99.20884473902964,-89.28047975033523,7.692536071365562,27,-75.75321198869044,-73.2422073047862,-72.13967940700536,-73.54267344263111,-70.0758295148238,-72.95072033158738,1.8553769007406373
180,1.324276828765869,0.018815620601968324,0.021677255630493164,0.0024465888074274183,True,40,12,8,4,100,"{'bootstrap': True, 'max_depth': 40, 'max_features': 12, 'min_samples_leaf': 8, 'min_samples_split': 4, 'n_estimators': 100}",-75.7192489059528,-91.61393796323637,-92.46388214860261,-87.69370800677324,-99.5023066295565,-89.3986167308243,7.828408109691543,38,-72.24965954548763,-69.9349845213664,-68.92673831126007,-70.18788288116116,-66.58581947963515,-69.57701694778208,1.8446918997998967
181,1.3580595970153808,0.031026757938587005,0.01887955665588379,0.0017284506323530593,True,40,12,8,8,100,"{'bootstrap': True, 'max_depth': 40, 'max_features': 12, 'min_samples_leaf': 8, 'min_samples_split': 8, 'n_estimators': 100}",-75.7532506298383,-91.82040669911882,-92.53875619376532,-87.9091726627737,-99.99315266757391,-89.60294777061401,7.952049270534125,69,-72.39601210741647,-70.03916732787023,-68.91365909484708,-70.3475713910414,-66.80926649349514,-69.70113528293408,1.8318040422783208
182,1.39546856880188,0.05589660385805295,0.020573902130126952,0.0024717544568281687,True,40,12,8,16,100,"{'bootstrap': True, 'max_depth': 40, 'max_features': 12, 'min_samples_leaf': 8, 'min_samples_split': 16, 'n_estimators': 100}",-76.04539617391222,-91.8305530675767,-92.78919182990569,-87.67295073081965,-100.47699310750342,-89.76301698194354,8.009534588999811,82,-72.43796111196554,-69.88487684229115,-69.08741630644788,-70.29848418167694,-66.93580169157028,-69.72890802679035,1.7832928258160945
183,1.3240160942077637,0.03841729151366156,0.01790933609008789,0.0021194840349493386,True,40,12,8,32,100,"{'bootstrap': True, 'max_depth': 40, 'max_features': 12, 'min_samples_leaf': 8, 'min_samples_split': 32, 'n_estimators': 100}",-76.35599502454284,-92.30291201501765,-93.57062131323012,-87.71825046166947,-99.74076946178977,-89.93770965524998,7.801040729413839,94,-78.49834591088616,-75.94235065736854,-74.75039236453323,-76.22982055564204,-72.31575388506005,-75.54733267469801,2.020322913102245
184,1.1304074287414552,0.011105729073794786,0.017327642440795897,0.0020142613382374305,True,40,12,16,4,100,"{'bootstrap': True, 'max_depth': 40, 'max_features': 12, 'min_samples_leaf': 16, 'min_samples_split': 4, 'n_estimators': 100}",-76.57230302748651,-92.71657397342574,-93.96937972961348,-88.86002143436112,-99.57437159330041,-90.33852995163745,7.6919948709362,106,-81.9271767962406,-79.08977570315733,-77.81698287733762,-79.52903793726777,-75.61132643623864,-78.79485995004839,2.0750195491210226
185,1.1387100219726562,0.020029871767325267,0.017530393600463868,0.0013684163434416472,True,40,12,16,8,100,"{'bootstrap': True, 'max_depth': 40, 'max_features': 12, 'min_samples_leaf': 16, 'min_samples_split': 8, 'n_estimators': 100}",-76.76314856156368,-92.75543263887401,-93.88934608724725,-88.03867538076017,-99.98643515095357,-90.28660756387976,7.76013685220645,104,-82.02978857225592,-79.14199879744965,-77.85293065764341,-79.53292975049516,-75.3317469055925,-78.77787893668733,2.1912990018243246
186,1.083844041824341,0.012228551005248448,0.017445755004882813,0.0020740666995324895,True,40,12,16,16,100,"{'bootstrap': True, 'max_depth': 40, 'max_features': 12, 'min_samples_leaf': 16, 'min_samples_split': 16, 'n_estimators': 100}",-76.98798732594315,-92.98673289070817,-94.63411052772744,-88.5709009145987,-100.03103853458003,-90.64215403871151,7.749971313552138,143,-81.85293111275651,-79.01838741097849,-77.95758247822054,-79.31069425701766,-75.5946065248226,-78.74684035675917,2.0297278112113877
187,1.2455926418304444,0.07492281672451732,0.019391536712646484,0.0030392295866558078,True,40,12,16,32,100,"{'bootstrap': True, 'max_depth': 40, 'max_features': 12, 'min_samples_leaf': 16, 'min_samples_split': 32, 'n_estimators': 100}",-76.48683078361819,-92.47176474785876,-94.26840420517269,-88.56193869993328,-99.93381522800833,-90.34455073291825,7.836960723995615,108,-81.73270464237343,-79.08876577516037,-77.94985037960983,-79.54491896208985,-75.34380721701602,-78.7320093952499,2.0920781902649987
188,1.1028519153594971,0.05701937093567334,0.019365310668945312,0.004417723309033356,True,40,12,32,4,100,"{'bootstrap': True, 'max_depth': 40, 'max_features': 12, 'min_samples_leaf': 32, 'min_samples_split': 4, 'n_estimators': 100}",-79.12895495315372,-94.15664559052091,-96.20095330409252,-91.24275050682293,-101.28930382763153,-92.40372163644432,7.402871957051878,147,-88.91201863408436,-85.79090571620218,-84.35107567765782,-85.61119329798305,-82.35243208113059,-85.4035250814116,2.141006076467628
189,0.969536828994751,0.022038819818722258,0.017486190795898436,0.0075219628031711235,True,40,12,32,8,100,"{'bootstrap': True, 'max_depth': 40, 'max_features': 12, 'min_samples_leaf': 32, 'min_samples_split': 8, 'n_estimators': 100}",-79.16335695777622,-94.46191131498585,-96.51953796545867,-91.27497915772335,-101.2144080617072,-92.52683869153026,7.420374807952407,168,-88.64735258684834,-85.8654159953629,-84.50892425205657,-85.83272984341433,-82.1774710112597,-85.40637873778836,2.1036953971427192
190,0.8738113880157471,0.06476453974324714,0.013552570343017578,0.0003475283489037128,True,40,12,32,16,100,"{'bootstrap': True, 'max_depth': 40, 'max_features': 12, 'min_samples_leaf': 32, 'min_samples_split': 16, 'n_estimators': 100}",-79.61405021681304,-94.54113541886781,-96.47535407563389,-91.28334783485704,-101.42026144802882,-92.66682979884011,7.306565835231527,191,-88.77211971579636,-85.91929874401784,-84.24800377035577,-85.71477817795969,-82.29514837891222,-85.38986975740838,2.1310388854984237
191,0.8266173362731933,0.012360581929330266,0.013619756698608399,0.0012240044611024163,True,40,12,32,32,100,"{'bootstrap': True, 'max_depth': 40, 'max_features': 12, 'min_samples_leaf': 32, 'min_samples_split': 32, 'n_estimators': 100}",-79.64221556834103,-94.3485053641983,-96.20449740719587,-91.17429746323963,-100.77191999854531,-92.42828716030404,7.108014176038525,153,-88.76411882377394,-85.91363970127951,-84.25070383933982,-85.72047781365919,-82.19997629461285,-85.36978329453305,2.15593577667564
